Workbook

Sheet Dashboard
B2: AI IMPLOSION DASHBOARD
B3: Built by KK Reddy
B4: ="7 AI-cycle drawdowns + HY spread | Data as of "&TEXT(MAX(tblHistory[Date]),"dd-mmm-yyyy")
B7: STRESS SCORE | D7: STATUS | F7: TRIGGERS | H7: CURRENT LEVEL | J7: BET COUNTDOWN
B8: =Tracker!C5 | D8: =Tracker!C7 | F8: =Tracker!C6 | H8: =Tracker!C17 | J8: ="KK "&Tracker!D22&"d | SJ "&Tracker!D23&"d"
B9: ="out of 100" | D9: ="Score band" | F9: ="factors at stress 100%" | H9: ="5 straight days rule" | J9: ="Winner: "&Tracker!C25
B11: FACTOR DETAIL
B12: Metric | C12: Weight | D12: 52W High (HY: 52W Low) | E12: Current | F12: Drawdown (HY: +bp vs low) | G12: Calm | H12: Trigger | I12: Trigger price (HY: band) | J12: Stress | K12: Status
B13: Nasdaq-100 (NDX) | C13: 0.18 | D13: =_xlfn.MAXIFS(tblHistory[NDX],tblHistory[Date],"<="&MAX(tblHistory[Date]),tblHistory[Date],">="&MAX(tblHistory[Date])-365) | E13: =SUMIFS(tblHistory[NDX],tblHistory[Date],_xlfn.MAXIFS(tblHistory[Date],tblHistory[NDX],"<>")) | F13: =E13/D13-1 | G13: -0.05 | H13: -0.25 | I13: =D13*(1+H13) | J13: =MIN(1,MAX(0,(F13-G13)/(H13-G13))) | K13: =IF(J13=1,"TRIGGERED",IF(J13>=0.5,"WARNING",IF(J13>0,"WATCH","CALM")))
B14: Semis (SOX) | C14: 0.18 | D14: =_xlfn.MAXIFS(tblHistory[SOX],tblHistory[Date],"<="&MAX(tblHistory[Date]),tblHistory[Date],">="&MAX(tblHistory[Date])-365) | E14: =SUMIFS(tblHistory[SOX],tblHistory[Date],_xlfn.MAXIFS(tblHistory[Date],tblHistory[SOX],"<>")) | F14: =E14/D14-1 | G14: -0.1 | H14: -0.4 | I14: =D14*(1+H14) | J14: =MIN(1,MAX(0,(F14-G14)/(H14-G14))) | K14: =IF(J14=1,"TRIGGERED",IF(J14>=0.5,"WARNING",IF(J14>0,"WATCH","CALM")))
B15: AI ETF (AIQ) | C15: 0.09 | D15: =_xlfn.MAXIFS(tblHistory[AIQ],tblHistory[Date],"<="&MAX(tblHistory[Date]),tblHistory[Date],">="&MAX(tblHistory[Date])-365) | E15: =SUMIFS(tblHistory[AIQ],tblHistory[Date],_xlfn.MAXIFS(tblHistory[Date],tblHistory[AIQ],"<>")) | F15: =E15/D15-1 | G15: -0.05 | H15: -0.3 | I15: =D15*(1+H15) | J15: =MIN(1,MAX(0,(F15-G15)/(H15-G15))) | K15: =IF(J15=1,"TRIGGERED",IF(J15>=0.5,"WARNING",IF(J15>0,"WATCH","CALM")))
B16: Oracle (ORCL) | C16: 0.09 | D16: =_xlfn.MAXIFS(tblHistory[ORCL],tblHistory[Date],"<="&MAX(tblHistory[Date]),tblHistory[Date],">="&MAX(tblHistory[Date])-365) | E16: =SUMIFS(tblHistory[ORCL],tblHistory[Date],_xlfn.MAXIFS(tblHistory[Date],tblHistory[ORCL],"<>")) | F16: =E16/D16-1 | G16: -0.15 | H16: -0.5 | I16: =D16*(1+H16) | J16: =MIN(1,MAX(0,(F16-G16)/(H16-G16))) | K16: =IF(J16=1,"TRIGGERED",IF(J16>=0.5,"WARNING",IF(J16>0,"WATCH","CALM")))
B17: CoreWeave (CRWV) | C17: 0.09 | D17: =_xlfn.MAXIFS(tblHistory[CRWV],tblHistory[Date],"<="&MAX(tblHistory[Date]),tblHistory[Date],">="&MAX(tblHistory[Date])-365) | E17: =SUMIFS(tblHistory[CRWV],tblHistory[Date],_xlfn.MAXIFS(tblHistory[Date],tblHistory[CRWV],"<>")) | F17: =E17/D17-1 | G17: -0.3 | H17: -0.6 | I17: =D17*(1+H17) | J17: =MIN(1,MAX(0,(F17-G17)/(H17-G17))) | K17: =IF(J17=1,"TRIGGERED",IF(J17>=0.5,"WARNING",IF(J17>0,"WATCH","CALM")))
B18: BDC ETF (BIZD) | C18: 0.14 | D18: =_xlfn.MAXIFS(tblHistory[BIZD],tblHistory[Date],"<="&MAX(tblHistory[Date]),tblHistory[Date],">="&MAX(tblHistory[Date])-365) | E18: =SUMIFS(tblHistory[BIZD],tblHistory[Date],_xlfn.MAXIFS(tblHistory[Date],tblHistory[BIZD],"<>")) | F18: =E18/D18-1 | G18: -0.05 | H18: -0.25 | I18: =D18*(1+H18) | J18: =MIN(1,MAX(0,(F18-G18)/(H18-G18))) | K18: =IF(J18=1,"TRIGGERED",IF(J18>=0.5,"WARNING",IF(J18>0,"WATCH","CALM")))
B19: Loan ETF (BKLN) | C19: 0.13 | D19: =_xlfn.MAXIFS(tblHistory[BKLN],tblHistory[Date],"<="&MAX(tblHistory[Date]),tblHistory[Date],">="&MAX(tblHistory[Date])-365) | E19: =SUMIFS(tblHistory[BKLN],tblHistory[Date],_xlfn.MAXIFS(tblHistory[Date],tblHistory[BKLN],"<>")) | F19: =E19/D19-1 | G19: -0.02 | H19: -0.08 | I19: =D19*(1+H19) | J19: =MIN(1,MAX(0,(F19-G19)/(H19-G19))) | K19: =IF(J19=1,"TRIGGERED",IF(J19>=0.5,"WARNING",IF(J19>0,"WATCH","CALM")))
B20: HY OAS (bp) (HY) | C20: 0.1 | D20: =_xlfn.MINIFS(tblHistory[HY],tblHistory[Date],"<="&MAX(tblHistory[Date]),tblHistory[Date],">="&MAX(tblHistory[Date])-365) | E20: =SUMIFS(tblHistory[HY],tblHistory[Date],_xlfn.MAXIFS(tblHistory[Date],tblHistory[HY],"<>")) | F20: =E20-D20 | G20: 400 | H20: 600 | I20: =IF(E20<300,"Very Healthy",IF(E20<400,"Normal",IF(E20<500,"Watch",IF(E20<600,"Warning",IF(E20<800,"Severe Stress","Crisis"))))) | J20: =MIN(1,MAX(0,(E20-G20)/(H20-G20))) | K20: =IF(J20=1,"TRIGGERED",IF(J20>=0.5,"WARNING",IF(J20>0,"WATCH","CALM")))
B21: Total weight | C21: =SUM(C13:C20)
B22: How it works: Drawdown = close ÷ trailing-365-day high − 1 (HY uses spread level in bp). Stress = clamp((x − Calm)/(Trigger − Calm), 0, 1). Score = weighted stress × 100. Levels need 5 straight trading days: L1 Score≥50 · L2 Score≥60 + BIZD≥80% + BKLN≥50% · L3 Score≥70 + SOX≥83% + AIQ≥80% · L4 Score≥75 + NDX=100% + (HY≥500bp or BIZD=100%). Implosion date = first day of the first L4 streak. Blue cells are editable.
B77: AI Implosion Dashboard · designed by KK Reddy

Sheet Tracker
B2: TRACKER — score, levels & bet
B4: Latest date | C4: =MAX(tblHistory[Date])
B5: Score | C5: =INDEX(tblHistory[Score],MATCH(C4,tblHistory[Date],0))
B6: Triggers | C6: =COUNTIF(Dashboard!K13:K20,"TRIGGERED")&" of 8"
B7: Band | C7: =IF(C18<>"","IMPLOSION CONFIRMED",IFERROR(IF(C5<25,"NORMAL",IF(C5<50,"ELEVATED",IF(C5<75,"SEVERE","CRITICAL"))),"WARM-UP"))
B10: LEVELS
B11: Level | C11: Name | D11: First date (5-day start) | E11: Active now
B12: L1 | C12: Warning | D12: =IF(COUNTIF(tblHistory[L1S],1),_xlfn.MINIFS(tblHistory[Date],tblHistory[L1S],1),"") | E12: =IF(COUNTIFS(tblHistory[Date],">="&LARGE(tblHistory[Date],5),tblHistory[L1],1)=5,"YES","NO")
B13: L2 | C13: Financing Stress | D13: =IF(COUNTIF(tblHistory[L2S],1),_xlfn.MINIFS(tblHistory[Date],tblHistory[L2S],1),"") | E13: =IF(COUNTIFS(tblHistory[Date],">="&LARGE(tblHistory[Date],5),tblHistory[L2],1)=5,"YES","NO")
B14: L3 | C14: Bubble Unwind | D14: =IF(COUNTIF(tblHistory[L3S],1),_xlfn.MINIFS(tblHistory[Date],tblHistory[L3S],1),"") | E14: =IF(COUNTIFS(tblHistory[Date],">="&LARGE(tblHistory[Date],5),tblHistory[L3],1)=5,"YES","NO")
B15: L4 | C15: AI Implosion | D15: =IF(COUNTIF(tblHistory[L4S],1),_xlfn.MINIFS(tblHistory[Date],tblHistory[L4S],1),"") | E15: =IF(COUNTIFS(tblHistory[Date],">="&LARGE(tblHistory[Date],5),tblHistory[L4],1)=5,"YES","NO")
B17: Current level | C17: =IF(E15="YES","L4 AI Implosion",IF(E14="YES","L3 Bubble Unwind",IF(E13="YES","L2 Financing Stress",IF(E12="YES","L1 Warning","None"))))
B18: AI Implosion date | C18: =D15
B20: THE BET
B21: Player | C21: Pick | D21: Days left | E21: Days off
B22: KK | C22: 46418 | D22: =MAX(0,C22-TODAY()) | E22: =IF($C$18="","",ABS($C$18-C22))
B23: SJ | C23: 46568 | D23: =MAX(0,C23-TODAY()) | E23: =IF($C$18="","",ABS($C$18-C23))
B25: Winner | C25: =IF(C18="","TBD",IF(E22<E23,"KK",IF(E23<E22,"SJ","TIE")))

Sheet History
A1: SAMPLE DATA — illustrative random-walk prices, NOT real market history. Run update_dashboard.py to load real data.
A2: Inputs: Date + 8 closes (light blue). Everything from 'NDX S' onward is calculated — don't type there. Blank HY = carry last value.
A3: Date | B3: NDX | C3: SOX | D3: AIQ | E3: ORCL | F3: CRWV | G3: BIZD | H3: BKLN | I3: HY | J3: NDX S | K3: SOX S | L3: AIQ S | M3: ORCL S | N3: CRWV S | O3: BIZD S | P3: BKLN S | Q3: HY S | R3: EquityP | S3: FinP | T3: CreditP | U3: Score | V3: L1 | W3: L2 | X3: L3 | Y3: L4 | Z3: L1S | AA3: L2S | AB3: L3S | AC3: L4S
A4: 46310 | B4: 24099.46 | C4: 9364.68 | D4: 39.07 | E4: 188.77 | F4: 33.59 | G4: 15.68 | H4: 20.84 | I4: 405 | J4: =IF(tblHistory[[#This Row],[Date]]-MIN(tblHistory[Date])<364,NA(),IF(ISNUMBER(tblHistory[[#This Row],[NDX]]),MIN(1,MAX(0,((tblHistory[[#This Row],[NDX]]/_xlfn.MAXIFS(tblHistory[NDX],tblHistory[Date],"<="&tblHistory[[#This Row],[Date]],tblHistory[Date],">="&tblHistory[[#This Row],[Date]]-365)-1)-Dashboard!$G$13)/(Dashboard!$H$13-Dashboard!$G$13))),0)) | K4: =IF(tblHistory[[#This Row],[Date]]-MIN(tblHistory[Date])<364,NA(),IF(ISNUMBER(tblHistory[[#This Row],[SOX]]),MIN(1,MAX(0,((tblHistory[[#This Row],[SOX]]/_xlfn.MAXIFS(tblHistory[SOX],tblHistory[Date],"<="&tblHistory[[#This Row],[Date]],tblHistory[Date],">="&tblHistory[[#This Row],[Date]]-365)-1)-Dashboard!$G$14)/(Dashboard!$H$14-Dashboard!$G$14))),0)) | L4: =IF(tblHistory[[#This Row],[Date]]-MIN(tblHistory[Date])<364,NA(),IF(ISNUMBER(tblHistory[[#This Row],[AIQ]]),MIN(1,MAX(0,((tblHistory[[#This Row],[AIQ]]/_xlfn.MAXIFS(tblHistory[AIQ],tblHistory[Date],"<="&tblHistory[[#This Row],[Date]],tblHistory[Date],">="&tblHistory[[#This Row],[Date]]-365)-1)-Dashboard!$G$15)/(Dashboard!$H$15-Dashboard!$G$15))),0)) | M4: =IF(tblHistory[[#This Row],[Date]]-MIN(tblHistory[Date])<364,NA(),IF(ISNUMBER(tblHistory[[#This Row],[ORCL]]),MIN(1,MAX(0,((tblHistory[[#This Row],[ORCL]]/_xlfn.MAXIFS(tblHistory[ORCL],tblHistory[Date],"<="&tblHistory[[#This Row],[Date]],tblHistory[Date],">="&tblHistory[[#This Row],[Date]]-365)-1)-Dashboard!$G$16)/(Dashboard!$H$16-Dashboard!$G$16))),0)) | N4: =IF(tblHistory[[#This Row],[Date]]-MIN(tblHistory[Date])<364,NA(),IF(ISNUMBER(tblHistory[[#This Row],[CRWV]]),MIN(1,MAX(0,((tblHistory[[#This Row],[CRWV]]/_xlfn.MAXIFS(tblHistory[CRWV],tblHistory[Date],"<="&tblHistory[[#This Row],[Date]],tblHistory[Date],">="&tblHistory[[#This Row],[Date]]-365)-1)-Dashboard!$G$17)/(Dashboard!$H$17-Dashboard!$G$17))),0)) | O4: =IF(tblHistory[[#This Row],[Date]]-MIN(tblHistory[Date])<364,NA(),IF(ISNUMBER(tblHistory[[#This Row],[BIZD]]),MIN(1,MAX(0,((tblHistory[[#This Row],[BIZD]]/_xlfn.MAXIFS(tblHistory[BIZD],tblHistory[Date],"<="&tblHistory[[#This Row],[Date]],tblHistory[Date],">="&tblHistory[[#This Row],[Date]]-365)-1)-Dashboard!$G$18)/(Dashboard!$H$18-Dashboard!$G$18))),0)) | P4: =IF(tblHistory[[#This Row],[Date]]-MIN(tblHistory[Date])<364,NA(),IF(ISNUMBER(tblHistory[[#This Row],[BKLN]]),MIN(1,MAX(0,((tblHistory[[#This Row],[BKLN]]/_xlfn.MAXIFS(tblHistory[BKLN],tblHistory[Date],"<="&tblHistory[[#This Row],[Date]],tblHistory[Date],">="&tblHistory[[#This Row],[Date]]-365)-1)-Dashboard!$G$19)/(Dashboard!$H$19-Dashboard!$G$19))),0)) | Q4: =IF(tblHistory[[#This Row],[Date]]-MIN(tblHistory[Date])<364,NA(),MIN(1,MAX(0,(IF(ISNUMBER(tblHistory[[#This Row],[HY]]),tblHistory[[#This Row],[HY]],SUMIFS(tblHistory[HY],tblHistory[Date],_xlfn.MAXIFS(tblHistory[Date],tblHistory[Date],"<"&tblHistory[[#This Row],[Date]],tblHistory[HY],"<>")))-Dashboard!$G$20)/(Dashboard!$H$20-Dashboard!$G$20)))) | R4: =(Dashboard!$C$13*tblHistory[[#This Row],[NDX S]]+Dashboard!$C$14*tblHistory[[#This Row],[SOX S]]+Dashboard!$C$15*tblHistory[[#This Row],[AIQ S]])/SUM(Dashboard!$C$13:$C$15)*100 | S4: =(Dashboard!$C$16*tblHistory[[#This Row],[ORCL S]]+Dashboard!$C$17*tblHistory[[#This Row],[CRWV S]])/SUM(Dashboard!$C$16:$C$17)*100 | T4: =(Dashboard!$C$18*tblHistory[[#This Row],[BIZD S]]+Dashboard!$C$19*tblHistory[[#This Row],[BKLN S]]+Dashboard!$C$20*tblHistory[[#This Row],[HY S]])/SUM(Dashboard!$C$18:$C$20)*100 | U4: =ROUND((Dashboard!$C$13*tblHistory[[#This Row],[NDX S]]+Dashboard!$C$14*tblHistory[[#This Row],[SOX S]]+Dashboard!$C$15*tblHistory[[#This Row],[AIQ S]]+Dashboard!$C$16*tblHistory[[#This Row],[ORCL S]]+Dashboard!$C$17*tblHistory[[#This Row],[CRWV S]]+Dashboard!$C$18*tblHistory[[#This Row],[BIZD S]]+Dashboard!$C$19*tblHistory[[#This Row],[BKLN S]]+Dashboard!$C$20*tblHistory[[#This Row],[HY S]])/SUM(Dashboard!$C$13:$C$20)*100,0) | V4: =IFERROR(--(tblHistory[[#This Row],[Score]]>=50),0) | W4: =IFERROR(--AND(tblHistory[[#This Row],[Score]]>=60,tblHistory[[#This Row],[BIZD S]]>=0.8,tblHistory[[#This Row],[BKLN S]]>=0.5),0) | X4: =IFERROR(--AND(tblHistory[[#This Row],[Score]]>=70,tblHistory[[#This Row],[SOX S]]>=0.83,tblHistory[[#This Row],[AIQ S]]>=0.8),0) | Y4: =IFERROR(--AND(tblHistory[[#This Row],[Score]]>=75,tblHistory[[#This Row],[NDX S]]=1,OR(IF(ISNUMBER(tblHistory[[#This Row],[HY]]),tblHistory[[#This Row],[HY]],SUMIFS(tblHistory[HY],tblHistory[Date],_xlfn.MAXIFS(tblHistory[Date],tblHistory[Date],"<"&tblHistory[[#This Row],[Date]],tblHistory[HY],"<>")))>=500,tblHistory[[#This Row],[BIZD S]]=1)),0) | Z4: =IFERROR(--(COUNTIFS(tblHistory[Date],">="&tblHistory[[#This Row],[Date]],tblHistory[Date],"<="&_xlfn.AGGREGATE(15,6,tblHistory[Date]/(tblHistory[Date]>=tblHistory[[#This Row],[Date]]),5),tblHistory[L1],1)=5),0) | AA4: =IFERROR(--(COUNTIFS(tblHistory[Date],">="&tblHistory[[#This Row],[Date]],tblHistory[Date],"<="&_xlfn.AGGREGATE(15,6,tblHistory[Date]/(tblHistory[Date]>=tblHistory[[#This Row],[Date]]),5),tblHistory[L2],1)=5),0) | AB4: =IFERROR(--(COUNTIFS(tblHistory[Date],">="&tblHistory[[#This Row],[Date]],tblHistory[Date],"<="&_xlfn.AGGREGATE(15,6,tblHistory[Date]/(tblHistory[Date]>=tblHistory[[#This Row],[Date]]),5),tblHistory[L3],1)=5),0) | AC4: =IFERROR(--(COUNTIFS(tblHistory[Date],">="&tblHistory[[#This Row],[Date]],tblHistory[Date],"<="&_xlfn.AGGREGATE(15,6,tblHistory[Date]/(tblHistory[Date]>=tblHistory[[#This Row],[Date]]),5),tblHistory[L4],1)=5),0)
A5: 46309 | B5: 24395.61 | C5: 9084.88 | D5: 39.06 | E5: 192.34 | F5: 33.14 | G5: 15.92 | H5: 20.78 | I5: 408 | J5: =IF(tblHistory[[#This Row],[Date]]-MIN(tblHistory[Date])<364,NA(),IF(ISNUMBER(tblHistory[[#This Row],[NDX]]),MIN(1,MAX(0,((tblHistory[[#This Row],[NDX]]/_xlfn.MAXIFS(tblHistory[NDX],tblHistory[Date],"<="&tblHistory[[#This Row],[Date]],tblHistory[Date],">="&tblHistory[[#This Row],[Date]]-365)-1)-Dashboard!$G$13)/(Dashboard!$H$13-Dashboard!$G$13))),0)) | K5: =IF(tblHistory[[#This Row],[Date]]-MIN(tblHistory[Date])<364,NA(),IF(ISNUMBER(tblHistory[[#This Row],[SOX]]),MIN(1,MAX(0,((tblHistory[[#This Row],[SOX]]/_xlfn.MAXIFS(tblHistory[SOX],tblHistory[Date],"<="&tblHistory[[#This Row],[Date]],tblHistory[Date],">="&tblHistory[[#This Row],[Date]]-365)-1)-Dashboard!$G$14)/(Dashboard!$H$14-Dashboard!$G$14))),0)) | L5: =IF(tblHistory[[#This Row],[Date]]-MIN(tblHistory[Date])<364,NA(),IF(ISNUMBER(tblHistory[[#This Row],[AIQ]]),MIN(1,MAX(0,((tblHistory[[#This Row],[AIQ]]/_xlfn.MAXIFS(tblHistory[AIQ],tblHistory[Date],"<="&tblHistory[[#This Row],[Date]],tblHistory[Date],">="&tblHistory[[#This Row],[Date]]-365)-1)-Dashboard!$G$15)/(Dashboard!$H$15-Dashboard!$G$15))),0)) | M5: =IF(tblHistory[[#This Row],[Date]]-MIN(tblHistory[Date])<364,NA(),IF(ISNUMBER(tblHistory[[#This Row],[ORCL]]),MIN(1,MAX(0,((tblHistory[[#This Row],[ORCL]]/_xlfn.MAXIFS(tblHistory[ORCL],tblHistory[Date],"<="&tblHistory[[#This Row],[Date]],tblHistory[Date],">="&tblHistory[[#This Row],[Date]]-365)-1)-Dashboard!$G$16)/(Dashboard!$H$16-Dashboard!$G$16))),0)) | N5: =IF(tblHistory[[#This Row],[Date]]-MIN(tblHistory[Date])<364,NA(),IF(ISNUMBER(tblHistory[[#This Row],[CRWV]]),MIN(1,MAX(0,((tblHistory[[#This Row],[CRWV]]/_xlfn.MAXIFS(tblHistory[CRWV],tblHistory[Date],"<="&tblHistory[[#This Row],[Date]],tblHistory[Date],">="&tblHistory[[#This Row],[Date]]-365)-1)-Dashboard!$G$17)/(Dashboard!$H$17-Dashboard!$G$17))),0)) | O5: =IF(tblHistory[[#This Row],[Date]]-MIN(tblHistory[Date])<364,NA(),IF(ISNUMBER(tblHistory[[#This Row],[BIZD]]),MIN(1,MAX(0,((tblHistory[[#This Row],[BIZD]]/_xlfn.MAXIFS(tblHistory[BIZD],tblHistory[Date],"<="&tblHistory[[#This Row],[Date]],tblHistory[Date],">="&tblHistory[[#This Row],[Date]]-365)-1)-Dashboard!$G$18)/(Dashboard!$H$18-Dashboard!$G$18))),0)) | P5: =IF(tblHistory[[#This Row],[Date]]-MIN(tblHistory[Date])<364,NA(),IF(ISNUMBER(tblHistory[[#This Row],[BKLN]]),MIN(1,MAX(0,((tblHistory[[#This Row],[BKLN]]/_xlfn.MAXIFS(tblHistory[BKLN],tblHistory[Date],"<="&tblHistory[[#This Row],[Date]],tblHistory[Date],">="&tblHistory[[#This Row],[Date]]-365)-1)-Dashboard!$G$19)/(Dashboard!$H$19-Dashboard!$G$19))),0)) | Q5: =IF(tblHistory[[#This Row],[Date]]-MIN(tblHistory[Date])<364,NA(),MIN(1,MAX(0,(IF(ISNUMBER(tblHistory[[#This Row],[HY]]),tblHistory[[#This Row],[HY]],SUMIFS(tblHistory[HY],tblHistory[Date],_xlfn.MAXIFS(tblHistory[Date],tblHistory[Date],"<"&tblHistory[[#This Row],[Date]],tblHistory[HY],"<>")))-Dashboard!$G$20)/(Dashboard!$H$20-Dashboard!$G$20)))) | R5: =(Dashboard!$C$13*tblHistory[[#This Row],[NDX S]]+Dashboard!$C$14*tblHistory[[#This Row],[SOX S]]+Dashboard!$C$15*tblHistory[[#This Row],[AIQ S]])/SUM(Dashboard!$C$13:$C$15)*100 | S5: =(Dashboard!$C$16*tblHistory[[#This Row],[ORCL S]]+Dashboard!$C$17*tblHistory[[#This Row],[CRWV S]])/SUM(Dashboard!$C$16:$C$17)*100 | T5: =(Dashboard!$C$18*tblHistory[[#This Row],[BIZD S]]+Dashboard!$C$19*tblHistory[[#This Row],[BKLN S]]+Dashboard!$C$20*tblHistory[[#This Row],[HY S]])/SUM(Dashboard!$C$18:$C$20)*100 | U5: =ROUND((Dashboard!$C$13*tblHistory[[#This Row],[NDX S]]+Dashboard!$C$14*tblHistory[[#This Row],[SOX S]]+Dashboard!$C$15*tblHistory[[#This Row],[AIQ S]]+Dashboard!$C$16*tblHistory[[#This Row],[ORCL S]]+Dashboard!$C$17*tblHistory[[#This Row],[CRWV S]]+Dashboard!$C$18*tblHistory[[#This Row],[BIZD S]]+Dashboard!$C$19*tblHistory[[#This Row],[BKLN S]]+Dashboard!$C$20*tblHistory[[#This Row],[HY S]])/SUM(Dashboard!$C$13:$C$20)*100,0) | V5: =IFERROR(--(tblHistory[[#This Row],[Score]]>=50),0) | W5: =IFERROR(--AND(tblHistory[[#This Row],[Score]]>=60,tblHistory[[#This Row],[BIZD S]]>=0.8,tblHistory[[#This Row],[BKLN S]]>=0.5),0) | X5: =IFERROR(--AND(tblHistory[[#This Row],[Score]]>=70,tblHistory[[#This Row],[SOX S]]>=0.83,tblHistory[[#This Row],[AIQ S]]>=0.8),0) | Y5: =IFERROR(--AND(tblHistory[[#This Row],[Score]]>=75,tblHistory[[#This Row],[NDX S]]=1,OR(IF(ISNUMBER(tblHistory[[#This Row],[HY]]),tblHistory[[#This Row],[HY]],SUMIFS(tblHistory[HY],tblHistory[Date],_xlfn.MAXIFS(tblHistory[Date],tblHistory[Date],"<"&tblHistory[[#This Row],[Date]],tblHistory[HY],"<>")))>=500,tblHistory[[#This Row],[BIZD S]]=1)),0) | Z5: =IFERROR(--(COUNTIFS(tblHistory[Date],">="&tblHistory[[#This Row],[Date]],tblHistory[Date],"<="&_xlfn.AGGREGATE(15,6,tblHistory[Date]/(tblHistory[Date]>=tblHistory[[#This Row],[Date]]),5),tblHistory[L1],1)=5),0) | AA5: =IFERROR(--(COUNTIFS(tblHistory[Date],">="&tblHistory[[#This Row],[Date]],tblHistory[Date],"<="&_xlfn.AGGREGATE(15,6,tblHistory[Date]/(tblHistory[Date]>=tblHistory[[#This Row],[Date]]),5),tblHistory[L2],1)=5),0) | AB5: =IFERROR(--(COUNTIFS(tblHistory[Date],">="&tblHistory[[#This Row],[Date]],tblHistory[Date],"<="&_xlfn.AGGREGATE(15,6,tblHistory[Date]/(tblHistory[Date]>=tblHistory[[#This Row],[Date]]),5),tblHistory[L3],1)=5),0) | AC5: =IFERROR(--(COUNTIFS(tblHistory[Date],">="&tblHistory[[#This Row],[Date]],tblHistory[Date],"<="&_xlfn.AGGREGATE(15,6,tblHistory[Date]/(tblHistory[Date]>=tblHistory[[#This Row],[Date]]),5),tblHistory[L4],1)=5),0)
A6: 46308 | B6: 25181.51 | C6: 8718.71 | D6: 39.11 | E6: 197.87 | F6: 34.57 | G6: 16.27 | H6: 20.77 | I6: 400 | J6: =IF(tblHistory[[#This Row],[Date]]-MIN(tblHistory[Date])<364,NA(),IF(ISNUMBER(tblHistory[[#This Row],[NDX]]),MIN(1,MAX(0,((tblHistory[[#This Row],[NDX]]/_xlfn.MAXIFS(tblHistory[NDX],tblHistory[Date],"<="&tblHistory[[#This Row],[Date]],tblHistory[Date],">="&tblHistory[[#This Row],[Date]]-365)-1)-Dashboard!$G$13)/(Dashboard!$H$13-Dashboard!$G$13))),0)) | K6: =IF(tblHistory[[#This Row],[Date]]-MIN(tblHistory[Date])<364,NA(),IF(ISNUMBER(tblHistory[[#This Row],[SOX]]),MIN(1,MAX(0,((tblHistory[[#This Row],[SOX]]/_xlfn.MAXIFS(tblHistory[SOX],tblHistory[Date],"<="&tblHistory[[#This Row],[Date]],tblHistory[Date],">="&tblHistory[[#This Row],[Date]]-365)-1)-Dashboard!$G$14)/(Dashboard!$H$14-Dashboard!$G$14))),0)) | L6: =IF(tblHistory[[#This Row],[Date]]-MIN(tblHistory[Date])<364,NA(),IF(ISNUMBER(tblHistory[[#This Row],[AIQ]]),MIN(1,MAX(0,((tblHistory[[#This Row],[AIQ]]/_xlfn.MAXIFS(tblHistory[AIQ],tblHistory[Date],"<="&tblHistory[[#This Row],[Date]],tblHistory[Date],">="&tblHistory[[#This Row],[Date]]-365)-1)-Dashboard!$G$15)/(Dashboard!$H$15-Dashboard!$G$15))),0)) | M6: =IF(tblHistory[[#This Row],[Date]]-MIN(tblHistory[Date])<364,NA(),IF(ISNUMBER(tblHistory[[#This Row],[ORCL]]),MIN(1,MAX(0,((tblHistory[[#This Row],[ORCL]]/_xlfn.MAXIFS(tblHistory[ORCL],tblHistory[Date],"<="&tblHistory[[#This Row],[Date]],tblHistory[Date],">="&tblHistory[[#This Row],[Date]]-365)-1)-Dashboard!$G$16)/(Dashboard!$H$16-Dashboard!$G$16))),0)) | N6: =IF(tblHistory[[#This Row],[Date]]-MIN(tblHistory[Date])<364,NA(),IF(ISNUMBER(tblHistory[[#This Row],[CRWV]]),MIN(1,MAX(0,((tblHistory[[#This Row],[CRWV]]/_xlfn.MAXIFS(tblHistory[CRWV],tblHistory[Date],"<="&tblHistory[[#This Row],[Date]],tblHistory[Date],">="&tblHistory[[#This Row],[Date]]-365)-1)-Dashboard!$G$17)/(Dashboard!$H$17-Dashboard!$G$17))),0)) | O6: =IF(tblHistory[[#This Row],[Date]]-MIN(tblHistory[Date])<364,NA(),IF(ISNUMBER(tblHistory[[#This Row],[BIZD]]),MIN(1,MAX(0,((tblHistory[[#This Row],[BIZD]]/_xlfn.MAXIFS(tblHistory[BIZD],tblHistory[Date],"<="&tblHistory[[#This Row],[Date]],tblHistory[Date],">="&tblHistory[[#This Row],[Date]]-365)-1)-Dashboard!$G$18)/(Dashboard!$H$18-Dashboard!$G$18))),0)) | P6: =IF(tblHistory[[#This Row],[Date]]-MIN(tblHistory[Date])<364,NA(),IF(ISNUMBER(tblHistory[[#This Row],[BKLN]]),MIN(1,MAX(0,((tblHistory[[#This Row],[BKLN]]/_xlfn.MAXIFS(tblHistory[BKLN],tblHistory[Date],"<="&tblHistory[[#This Row],[Date]],tblHistory[Date],">="&tblHistory[[#This Row],[Date]]-365)-1)-Dashboard!$G$19)/(Dashboard!$H$19-Dashboard!$G$19))),0)) | Q6: =IF(tblHistory[[#This Row],[Date]]-MIN(tblHistory[Date])<364,NA(),MIN(1,MAX(0,(IF(ISNUMBER(tblHistory[[#This Row],[HY]]),tblHistory[[#This Row],[HY]],SUMIFS(tblHistory[HY],tblHistory[Date],_xlfn.MAXIFS(tblHistory[Date],tblHistory[Date],"<"&tblHistory[[#This Row],[Date]],tblHistory[HY],"<>")))-Dashboard!$G$20)/(Dashboard!$H$20-Dashboard!$G$20)))) | R6: =(Dashboard!$C$13*tblHistory[[#This Row],[NDX S]]+Dashboard!$C$14*tblHistory[[#This Row],[SOX S]]+Dashboard!$C$15*tblHistory[[#This Row],[AIQ S]])/SUM(Dashboard!$C$13:$C$15)*100 | S6: =(Dashboard!$C$16*tblHistory[[#This Row],[ORCL S]]+Dashboard!$C$17*tblHistory[[#This Row],[CRWV S]])/SUM(Dashboard!$C$16:$C$17)*100 | T6: =(Dashboard!$C$18*tblHistory[[#This Row],[BIZD S]]+Dashboard!$C$19*tblHistory[[#This Row],[BKLN S]]+Dashboard!$C$20*tblHistory[[#This Row],[HY S]])/SUM(Dashboard!$C$18:$C$20)*100 | U6: =ROUND((Dashboard!$C$13*tblHistory[[#This Row],[NDX S]]+Dashboard!$C$14*tblHistory[[#This Row],[SOX S]]+Dashboard!$C$15*tblHistory[[#This Row],[AIQ S]]+Dashboard!$C$16*tblHistory[[#This Row],[ORCL S]]+Dashboard!$C$17*tblHistory[[#This Row],[CRWV S]]+Dashboard!$C$18*tblHistory[[#This Row],[BIZD S]]+Dashboard!$C$19*tblHistory[[#This Row],[BKLN S]]+Dashboard!$C$20*tblHistory[[#This Row],[HY S]])/SUM(Dashboard!$C$13:$C$20)*100,0) | V6: =IFERROR(--(tblHistory[[#This Row],[Score]]>=50),0) | W6: =IFERROR(--AND(tblHistory[[#This Row],[Score]]>=60,tblHistory[[#This Row],[BIZD S]]>=0.8,tblHistory[[#This Row],[BKLN S]]>=0.5),0) | X6: =IFERROR(--AND(tblHistory[[#This Row],[Score]]>=70,tblHistory[[#This Row],[SOX S]]>=0.83,tblHistory[[#This Row],[AIQ S]]>=0.8),0) | Y6: =IFERROR(--AND(tblHistory[[#This Row],[Score]]>=75,tblHistory[[#This Row],[NDX S]]=1,OR(IF(ISNUMBER(tblHistory[[#This Row],[HY]]),tblHistory[[#This Row],[HY]],SUMIFS(tblHistory[HY],tblHistory[Date],_xlfn.MAXIFS(tblHistory[Date],tblHistory[Date],"<"&tblHistory[[#This Row],[Date]],tblHistory[HY],"<>")))>=500,tblHistory[[#This Row],[BIZD S]]=1)),0) | Z6: =IFERROR(--(COUNTIFS(tblHistory[Date],">="&tblHistory[[#This Row],[Date]],tblHistory[Date],"<="&_xlfn.AGGREGATE(15,6,tblHistory[Date]/(tblHistory[Date]>=tblHistory[[#This Row],[Date]]),5),tblHistory[L1],1)=5),0) | AA6: =IFERROR(--(COUNTIFS(tblHistory[Date],">="&tblHistory[[#This Row],[Date]],tblHistory[Date],"<="&_xlfn.AGGREGATE(15,6,tblHistory[Date]/(tblHistory[Date]>=tblHistory[[#This Row],[Date]]),5),tblHistory[L2],1)=5),0) | AB6: =IFERROR(--(COUNTIFS(tblHistory[Date],">="&tblHistory[[#This Row],[Date]],tblHistory[Date],"<="&_xlfn.AGGREGATE(15,6,tblHistory[Date]/(tblHistory[Date]>=tblHistory[[#This Row],[Date]]),5),tblHistory[L3],1)=5),0) | AC6: =IFERROR(--(COUNTIFS(tblHistory[Date],">="&tblHistory[[#This Row],[Date]],tblHistory[Date],"<="&_xlfn.AGGREGATE(15,6,tblHistory[Date]/(tblHistory[Date]>=tblHistory[[#This Row],[Date]]),5),tblHistory[L4],1)=5),0)
A7: 46307 | B7: 24926.01 | C7: 8940.89 | D7: 39.22 | E7: 199.65 | F7: 37.23 | G7: 16.42 | H7: 20.8 | I7: 395 | J7: =IF(tblHistory[[#This Row],[Date]]-MIN(tblHistory[Date])<364,NA(),IF(ISNUMBER(tblHistory[[#This Row],[NDX]]),MIN(1,MAX(0,((tblHistory[[#This Row],[NDX]]/_xlfn.MAXIFS(tblHistory[NDX],tblHistory[Date],"<="&tblHistory[[#This Row],[Date]],tblHistory[Date],">="&tblHistory[[#This Row],[Date]]-365)-1)-Dashboard!$G$13)/(Dashboard!$H$13-Dashboard!$G$13))),0)) | K7: =IF(tblHistory[[#This Row],[Date]]-MIN(tblHistory[Date])<364,NA(),IF(ISNUMBER(tblHistory[[#This Row],[SOX]]),MIN(1,MAX(0,((tblHistory[[#This Row],[SOX]]/_xlfn.MAXIFS(tblHistory[SOX],tblHistory[Date],"<="&tblHistory[[#This Row],[Date]],tblHistory[Date],">="&tblHistory[[#This Row],[Date]]-365)-1)-Dashboard!$G$14)/(Dashboard!$H$14-Dashboard!$G$14))),0)) | L7: =IF(tblHistory[[#This Row],[Date]]-MIN(tblHistory[Date])<364,NA(),IF(ISNUMBER(tblHistory[[#This Row],[AIQ]]),MIN(1,MAX(0,((tblHistory[[#This Row],[AIQ]]/_xlfn.MAXIFS(tblHistory[AIQ],tblHistory[Date],"<="&tblHistory[[#This Row],[Date]],tblHistory[Date],">="&tblHistory[[#This Row],[Date]]-365)-1)-Dashboard!$G$15)/(Dashboard!$H$15-Dashboard!$G$15))),0)) | M7: =IF(tblHistory[[#This Row],[Date]]-MIN(tblHistory[Date])<364,NA(),IF(ISNUMBER(tblHistory[[#This Row],[ORCL]]),MIN(1,MAX(0,((tblHistory[[#This Row],[ORCL]]/_xlfn.MAXIFS(tblHistory[ORCL],tblHistory[Date],"<="&tblHistory[[#This Row],[Date]],tblHistory[Date],">="&tblHistory[[#This Row],[Date]]-365)-1)-Dashboard!$G$16)/(Dashboard!$H$16-Dashboard!$G$16))),0)) | N7: =IF(tblHistory[[#This Row],[Date]]-MIN(tblHistory[Date])<364,NA(),IF(ISNUMBER(tblHistory[[#This Row],[CRWV]]),MIN(1,MAX(0,((tblHistory[[#This Row],[CRWV]]/_xlfn.MAXIFS(tblHistory[CRWV],tblHistory[Date],"<="&tblHistory[[#This Row],[Date]],tblHistory[Date],">="&tblHistory[[#This Row],[Date]]-365)-1)-Dashboard!$G$17)/(Dashboard!$H$17-Dashboard!$G$17))),0)) | O7: =IF(tblHistory[[#This Row],[Date]]-MIN(tblHistory[Date])<364,NA(),IF(ISNUMBER(tblHistory[[#This Row],[BIZD]]),MIN(1,MAX(0,((tblHistory[[#This Row],[BIZD]]/_xlfn.MAXIFS(tblHistory[BIZD],tblHistory[Date],"<="&tblHistory[[#This Row],[Date]],tblHistory[Date],">="&tblHistory[[#This Row],[Date]]-365)-1)-Dashboard!$G$18)/(Dashboard!$H$18-Dashboard!$G$18))),0)) | P7: =IF(tblHistory[[#This Row],[Date]]-MIN(tblHistory[Date])<364,NA(),IF(ISNUMBER(tblHistory[[#This Row],[BKLN]]),MIN(1,MAX(0,((tblHistory[[#This Row],[BKLN]]/_xlfn.MAXIFS(tblHistory[BKLN],tblHistory[Date],"<="&tblHistory[[#This Row],[Date]],tblHistory[Date],">="&tblHistory[[#This Row],[Date]]-365)-1)-Dashboard!$G$19)/(Dashboard!$H$19-Dashboard!$G$19))),0)) | Q7: =IF(tblHistory[[#This Row],[Date]]-MIN(tblHistory[Date])<364,NA(),MIN(1,MAX(0,(IF(ISNUMBER(tblHistory[[#This Row],[HY]]),tblHistory[[#This Row],[HY]],SUMIFS(tblHistory[HY],tblHistory[Date],_xlfn.MAXIFS(tblHistory[Date],tblHistory[Date],"<"&tblHistory[[#This Row],[Date]],tblHistory[HY],"<>")))-Dashboard!$G$20)/(Dashboard!$H$20-Dashboard!$G$20)))) | R7: =(Dashboard!$C$13*tblHistory[[#This Row],[NDX S]]+Dashboard!$C$14*tblHistory[[#This Row],[SOX S]]+Dashboard!$C$15*tblHistory[[#This Row],[AIQ S]])/SUM(Dashboard!$C$13:$C$15)*100 | S7: =(Dashboard!$C$16*tblHistory[[#This Row],[ORCL S]]+Dashboard!$C$17*tblHistory[[#This Row],[CRWV S]])/SUM(Dashboard!$C$16:$C$17)*100 | T7: =(Dashboard!$C$18*tblHistory[[#This Row],[BIZD S]]+Dashboard!$C$19*tblHistory[[#This Row],[BKLN S]]+Dashboard!$C$20*tblHistory[[#This Row],[HY S]])/SUM(Dashboard!$C$18:$C$20)*100 | U7: =ROUND((Dashboard!$C$13*tblHistory[[#This Row],[NDX S]]+Dashboard!$C$14*tblHistory[[#This Row],[SOX S]]+Dashboard!$C$15*tblHistory[[#This Row],[AIQ S]]+Dashboard!$C$16*tblHistory[[#This Row],[ORCL S]]+Dashboard!$C$17*tblHistory[[#This Row],[CRWV S]]+Dashboard!$C$18*tblHistory[[#This Row],[BIZD S]]+Dashboard!$C$19*tblHistory[[#This Row],[BKLN S]]+Dashboard!$C$20*tblHistory[[#This Row],[HY S]])/SUM(Dashboard!$C$13:$C$20)*100,0) | V7: =IFERROR(--(tblHistory[[#This Row],[Score]]>=50),0) | W7: =IFERROR(--AND(tblHistory[[#This Row],[Score]]>=60,tblHistory[[#This Row],[BIZD S]]>=0.8,tblHistory[[#This Row],[BKLN S]]>=0.5),0) | X7: =IFERROR(--AND(tblHistory[[#This Row],[Score]]>=70,tblHistory[[#This Row],[SOX S]]>=0.83,tblHistory[[#This Row],[AIQ S]]>=0.8),0) | Y7: =IFERROR(--AND(tblHistory[[#This Row],[Score]]>=75,tblHistory[[#This Row],[NDX S]]=1,OR(IF(ISNUMBER(tblHistory[[#This Row],[HY]]),tblHistory[[#This Row],[HY]],SUMIFS(tblHistory[HY],tblHistory[Date],_xlfn.MAXIFS(tblHistory[Date],tblHistory[Date],"<"&tblHistory[[#This Row],[Date]],tblHistory[HY],"<>")))>=500,tblHistory[[#This Row],[BIZD S]]=1)),0) | Z7: =IFERROR(--(COUNTIFS(tblHistory[Date],">="&tblHistory[[#This Row],[Date]],tblHistory[Date],"<="&_xlfn.AGGREGATE(15,6,tblHistory[Date]/(tblHistory[Date]>=tblHistory[[#This Row],[Date]]),5),tblHistory[L1],1)=5),0) | AA7: =IFERROR(--(COUNTIFS(tblHistory[Date],">="&tblHistory[[#This Row],[Date]],tblHistory[Date],"<="&_xlfn.AGGREGATE(15,6,tblHistory[Date]/(tblHistory[Date]>=tblHistory[[#This Row],[Date]]),5),tblHistory[L2],1)=5),0) | AB7: =IFERROR(--(COUNTIFS(tblHistory[Date],">="&tblHistory[[#This Row],[Date]],tblHistory[Date],"<="&_xlfn.AGGREGATE(15,6,tblHistory[Date]/(tblHistory[Date]>=tblHistory[[#This Row],[Date]]),5),tblHistory[L3],1)=5),0) | AC7: =IFERROR(--(COUNTIFS(tblHistory[Date],">="&tblHistory[[#This Row],[Date]],tblHistory[Date],"<="&_xlfn.AGGREGATE(15,6,tblHistory[Date]/(tblHistory[Date]>=tblHistory[[#This Row],[Date]]),5),tblHistory[L4],1)=5),0)
A8: 46304 | B8: 24969.32 | C8: 9311.97 | D8: 39.63 | E8: 212.19 | F8: 37.35 | G8: 16.38 | H8: 20.82 | I8: 406 | J8: =IF(tblHistory[[#This Row],[Date]]-MIN(tblHistory[Date])<364,NA(),IF(ISNUMBER(tblHistory[[#This Row],[NDX]]),MIN(1,MAX(0,((tblHistory[[#This Row],[NDX]]/_xlfn.MAXIFS(tblHistory[NDX],tblHistory[Date],"<="&tblHistory[[#This Row],[Date]],tblHistory[Date],">="&tblHistory[[#This Row],[Date]]-365)-1)-Dashboard!$G$13)/(Dashboard!$H$13-Dashboard!$G$13))),0)) | K8: =IF(tblHistory[[#This Row],[Date]]-MIN(tblHistory[Date])<364,NA(),IF(ISNUMBER(tblHistory[[#This Row],[SOX]]),MIN(1,MAX(0,((tblHistory[[#This Row],[SOX]]/_xlfn.MAXIFS(tblHistory[SOX],tblHistory[Date],"<="&tblHistory[[#This Row],[Date]],tblHistory[Date],">="&tblHistory[[#This Row],[Date]]-365)-1)-Dashboard!$G$14)/(Dashboard!$H$14-Dashboard!$G$14))),0)) | L8: =IF(tblHistory[[#This Row],[Date]]-MIN(tblHistory[Date])<364,NA(),IF(ISNUMBER(tblHistory[[#This Row],[AIQ]]),MIN(1,MAX(0,((tblHistory[[#This Row],[AIQ]]/_xlfn.MAXIFS(tblHistory[AIQ],tblHistory[Date],"<="&tblHistory[[#This Row],[Date]],tblHistory[Date],">="&tblHistory[[#This Row],[Date]]-365)-1)-Dashboard!$G$15)/(Dashboard!$H$15-Dashboard!$G$15))),0)) | M8: =IF(tblHistory[[#This Row],[Date]]-MIN(tblHistory[Date])<364,NA(),IF(ISNUMBER(tblHistory[[#This Row],[ORCL]]),MIN(1,MAX(0,((tblHistory[[#This Row],[ORCL]]/_xlfn.MAXIFS(tblHistory[ORCL],tblHistory[Date],"<="&tblHistory[[#This Row],[Date]],tblHistory[Date],">="&tblHistory[[#This Row],[Date]]-365)-1)-Dashboard!$G$16)/(Dashboard!$H$16-Dashboard!$G$16))),0)) | N8: =IF(tblHistory[[#This Row],[Date]]-MIN(tblHistory[Date])<364,NA(),IF(ISNUMBER(tblHistory[[#This Row],[CRWV]]),MIN(1,MAX(0,((tblHistory[[#This Row],[CRWV]]/_xlfn.MAXIFS(tblHistory[CRWV],tblHistory[Date],"<="&tblHistory[[#This Row],[Date]],tblHistory[Date],">="&tblHistory[[#This Row],[Date]]-365)-1)-Dashboard!$G$17)/(Dashboard!$H$17-Dashboard!$G$17))),0)) | O8: =IF(tblHistory[[#This Row],[Date]]-MIN(tblHistory[Date])<364,NA(),IF(ISNUMBER(tblHistory[[#This Row],[BIZD]]),MIN(1,MAX(0,((tblHistory[[#This Row],[BIZD]]/_xlfn.MAXIFS(tblHistory[BIZD],tblHistory[Date],"<="&tblHistory[[#This Row],[Date]],tblHistory[Date],">="&tblHistory[[#This Row],[Date]]-365)-1)-Dashboard!$G$18)/(Dashboard!$H$18-Dashboard!$G$18))),0)) | P8: =IF(tblHistory[[#This Row],[Date]]-MIN(tblHistory[Date])<364,NA(),IF(ISNUMBER(tblHistory[[#This Row],[BKLN]]),MIN(1,MAX(0,((tblHistory[[#This Row],[BKLN]]/_xlfn.MAXIFS(tblHistory[BKLN],tblHistory[Date],"<="&tblHistory[[#This Row],[Date]],tblHistory[Date],">="&tblHistory[[#This Row],[Date]]-365)-1)-Dashboard!$G$19)/(Dashboard!$H$19-Dashboard!$G$19))),0)) | Q8: =IF(tblHistory[[#This Row],[Date]]-MIN(tblHistory[Date])<364,NA(),MIN(1,MAX(0,(IF(ISNUMBER(tblHistory[[#This Row],[HY]]),tblHistory[[#This Row],[HY]],SUMIFS(tblHistory[HY],tblHistory[Date],_xlfn.MAXIFS(tblHistory[Date],tblHistory[Date],"<"&tblHistory[[#This Row],[Date]],tblHistory[HY],"<>")))-Dashboard!$G$20)/(Dashboard!$H$20-Dashboard!$G$20)))) | R8: =(Dashboard!$C$13*tblHistory[[#This Row],[NDX S]]+Dashboard!$C$14*tblHistory[[#This Row],[SOX S]]+Dashboard!$C$15*tblHistory[[#This Row],[AIQ S]])/SUM(Dashboard!$C$13:$C$15)*100 | S8: =(Dashboard!$C$16*tblHistory[[#This Row],[ORCL S]]+Dashboard!$C$17*tblHistory[[#This Row],[CRWV S]])/SUM(Dashboard!$C$16:$C$17)*100 | T8: =(Dashboard!$C$18*tblHistory[[#This Row],[BIZD S]]+Dashboard!$C$19*tblHistory[[#This Row],[BKLN S]]+Dashboard!$C$20*tblHistory[[#This Row],[HY S]])/SUM(Dashboard!$C$18:$C$20)*100 | U8: =ROUND((Dashboard!$C$13*tblHistory[[#This Row],[NDX S]]+Dashboard!$C$14*tblHistory[[#This Row],[SOX S]]+Dashboard!$C$15*tblHistory[[#This Row],[AIQ S]]+Dashboard!$C$16*tblHistory[[#This Row],[ORCL S]]+Dashboard!$C$17*tblHistory[[#This Row],[CRWV S]]+Dashboard!$C$18*tblHistory[[#This Row],[BIZD S]]+Dashboard!$C$19*tblHistory[[#This Row],[BKLN S]]+Dashboard!$C$20*tblHistory[[#This Row],[HY S]])/SUM(Dashboard!$C$13:$C$20)*100,0) | V8: =IFERROR(--(tblHistory[[#This Row],[Score]]>=50),0) | W8: =IFERROR(--AND(tblHistory[[#This Row],[Score]]>=60,tblHistory[[#This Row],[BIZD S]]>=0.8,tblHistory[[#This Row],[BKLN S]]>=0.5),0) | X8: =IFERROR(--AND(tblHistory[[#This Row],[Score]]>=70,tblHistory[[#This Row],[SOX S]]>=0.83,tblHistory[[#This Row],[AIQ S]]>=0.8),0) | Y8: =IFERROR(--AND(tblHistory[[#This Row],[Score]]>=75,tblHistory[[#This Row],[NDX S]]=1,OR(IF(ISNUMBER(tblHistory[[#This Row],[HY]]),tblHistory[[#This Row],[HY]],SUMIFS(tblHistory[HY],tblHistory[Date],_xlfn.MAXIFS(tblHistory[Date],tblHistory[Date],"<"&tblHistory[[#This Row],[Date]],tblHistory[HY],"<>")))>=500,tblHistory[[#This Row],[BIZD S]]=1)),0) | Z8: =IFERROR(--(COUNTIFS(tblHistory[Date],">="&tblHistory[[#This Row],[Date]],tblHistory[Date],"<="&_xlfn.AGGREGATE(15,6,tblHistory[Date]/(tblHistory[Date]>=tblHistory[[#This Row],[Date]]),5),tblHistory[L1],1)=5),0) | AA8: =IFERROR(--(COUNTIFS(tblHistory[Date],">="&tblHistory[[#This Row],[Date]],tblHistory[Date],"<="&_xlfn.AGGREGATE(15,6,tblHistory[Date]/(tblHistory[Date]>=tblHistory[[#This Row],[Date]]),5),tblHistory[L2],1)=5),0) | AB8: =IFERROR(--(COUNTIFS(tblHistory[Date],">="&tblHistory[[#This Row],[Date]],tblHistory[Date],"<="&_xlfn.AGGREGATE(15,6,tblHistory[Date]/(tblHistory[Date]>=tblHistory[[#This Row],[Date]]),5),tblHistory[L3],1)=5),0) | AC8: =IFERROR(--(COUNTIFS(tblHistory[Date],">="&tblHistory[[#This Row],[Date]],tblHistory[Date],"<="&_xlfn.AGGREGATE(15,6,tblHistory[Date]/(tblHistory[Date]>=tblHistory[[#This Row],[Date]]),5),tblHistory[L4],1)=5),0)
A9: 46303 | B9: 24720.26 | C9: 9533.68 | D9: 39.78 | E9: 219.99 | F9: 37.93 | G9: 16.42 | H9: 20.84 | I9: 408 | J9: =IF(tblHistory[[#This Row],[Date]]-MIN(tblHistory[Date])<364,NA(),IF(ISNUMBER(tblHistory[[#This Row],[NDX]]),MIN(1,MAX(0,((tblHistory[[#This Row],[NDX]]/_xlfn.MAXIFS(tblHistory[NDX],tblHistory[Date],"<="&tblHistory[[#This Row],[Date]],tblHistory[Date],">="&tblHistory[[#This Row],[Date]]-365)-1)-Dashboard!$G$13)/(Dashboard!$H$13-Dashboard!$G$13))),0)) | K9: =IF(tblHistory[[#This Row],[Date]]-MIN(tblHistory[Date])<364,NA(),IF(ISNUMBER(tblHistory[[#This Row],[SOX]]),MIN(1,MAX(0,((tblHistory[[#This Row],[SOX]]/_xlfn.MAXIFS(tblHistory[SOX],tblHistory[Date],"<="&tblHistory[[#This Row],[Date]],tblHistory[Date],">="&tblHistory[[#This Row],[Date]]-365)-1)-Dashboard!$G$14)/(Dashboard!$H$14-Dashboard!$G$14))),0)) | L9: =IF(tblHistory[[#This Row],[Date]]-MIN(tblHistory[Date])<364,NA(),IF(ISNUMBER(tblHistory[[#This Row],[AIQ]]),MIN(1,MAX(0,((tblHistory[[#This Row],[AIQ]]/_xlfn.MAXIFS(tblHistory[AIQ],tblHistory[Date],"<="&tblHistory[[#This Row],[Date]],tblHistory[Date],">="&tblHistory[[#This Row],[Date]]-365)-1)-Dashboard!$G$15)/(Dashboard!$H$15-Dashboard!$G$15))),0)) | M9: =IF(tblHistory[[#This Row],[Date]]-MIN(tblHistory[Date])<364,NA(),IF(ISNUMBER(tblHistory[[#This Row],[ORCL]]),MIN(1,MAX(0,((tblHistory[[#This Row],[ORCL]]/_xlfn.MAXIFS(tblHistory[ORCL],tblHistory[Date],"<="&tblHistory[[#This Row],[Date]],tblHistory[Date],">="&tblHistory[[#This Row],[Date]]-365)-1)-Dashboard!$G$16)/(Dashboard!$H$16-Dashboard!$G$16))),0)) | N9: =IF(tblHistory[[#This Row],[Date]]-MIN(tblHistory[Date])<364,NA(),IF(ISNUMBER(tblHistory[[#This Row],[CRWV]]),MIN(1,MAX(0,((tblHistory[[#This Row],[CRWV]]/_xlfn.MAXIFS(tblHistory[CRWV],tblHistory[Date],"<="&tblHistory[[#This Row],[Date]],tblHistory[Date],">="&tblHistory[[#This Row],[Date]]-365)-1)-Dashboard!$G$17)/(Dashboard!$H$17-Dashboard!$G$17))),0)) | O9: =IF(tblHistory[[#This Row],[Date]]-MIN(tblHistory[Date])<364,NA(),IF(ISNUMBER(tblHistory[[#This Row],[BIZD]]),MIN(1,MAX(0,((tblHistory[[#This Row],[BIZD]]/_xlfn.MAXIFS(tblHistory[BIZD],tblHistory[Date],"<="&tblHistory[[#This Row],[Date]],tblHistory[Date],">="&tblHistory[[#This Row],[Date]]-365)-1)-Dashboard!$G$18)/(Dashboard!$H$18-Dashboard!$G$18))),0)) | P9: =IF(tblHistory[[#This Row],[Date]]-MIN(tblHistory[Date])<364,NA(),IF(ISNUMBER(tblHistory[[#This Row],[BKLN]]),MIN(1,MAX(0,((tblHistory[[#This Row],[BKLN]]/_xlfn.MAXIFS(tblHistory[BKLN],tblHistory[Date],"<="&tblHistory[[#This Row],[Date]],tblHistory[Date],">="&tblHistory[[#This Row],[Date]]-365)-1)-Dashboard!$G$19)/(Dashboard!$H$19-Dashboard!$G$19))),0)) | Q9: =IF(tblHistory[[#This Row],[Date]]-MIN(tblHistory[Date])<364,NA(),MIN(1,MAX(0,(IF(ISNUMBER(tblHistory[[#This Row],[HY]]),tblHistory[[#This Row],[HY]],SUMIFS(tblHistory[HY],tblHistory[Date],_xlfn.MAXIFS(tblHistory[Date],tblHistory[Date],"<"&tblHistory[[#This Row],[Date]],tblHistory[HY],"<>")))-Dashboard!$G$20)/(Dashboard!$H$20-Dashboard!$G$20)))) | R9: =(Dashboard!$C$13*tblHistory[[#This Row],[NDX S]]+Dashboard!$C$14*tblHistory[[#This Row],[SOX S]]+Dashboard!$C$15*tblHistory[[#This Row],[AIQ S]])/SUM(Dashboard!$C$13:$C$15)*100 | S9: =(Dashboard!$C$16*tblHistory[[#This Row],[ORCL S]]+Dashboard!$C$17*tblHistory[[#This Row],[CRWV S]])/SUM(Dashboard!$C$16:$C$17)*100 | T9: =(Dashboard!$C$18*tblHistory[[#This Row],[BIZD S]]+Dashboard!$C$19*tblHistory[[#This Row],[BKLN S]]+Dashboard!$C$20*tblHistory[[#This Row],[HY S]])/SUM(Dashboard!$C$18:$C$20)*100 | U9: =ROUND((Dashboard!$C$13*tblHistory[[#This Row],[NDX S]]+Dashboard!$C$14*tblHistory[[#This Row],[SOX S]]+Dashboard!$C$15*tblHistory[[#This Row],[AIQ S]]+Dashboard!$C$16*tblHistory[[#This Row],[ORCL S]]+Dashboard!$C$17*tblHistory[[#This Row],[CRWV S]]+Dashboard!$C$18*tblHistory[[#This Row],[BIZD S]]+Dashboard!$C$19*tblHistory[[#This Row],[BKLN S]]+Dashboard!$C$20*tblHistory[[#This Row],[HY S]])/SUM(Dashboard!$C$13:$C$20)*100,0) | V9: =IFERROR(--(tblHistory[[#This Row],[Score]]>=50),0) | W9: =IFERROR(--AND(tblHistory[[#This Row],[Score]]>=60,tblHistory[[#This Row],[BIZD S]]>=0.8,tblHistory[[#This Row],[BKLN S]]>=0.5),0) | X9: =IFERROR(--AND(tblHistory[[#This Row],[Score]]>=70,tblHistory[[#This Row],[SOX S]]>=0.83,tblHistory[[#This Row],[AIQ S]]>=0.8),0) | Y9: =IFERROR(--AND(tblHistory[[#This Row],[Score]]>=75,tblHistory[[#This Row],[NDX S]]=1,OR(IF(ISNUMBER(tblHistory[[#This Row],[HY]]),tblHistory[[#This Row],[HY]],SUMIFS(tblHistory[HY],tblHistory[Date],_xlfn.MAXIFS(tblHistory[Date],tblHistory[Date],"<"&tblHistory[[#This Row],[Date]],tblHistory[HY],"<>")))>=500,tblHistory[[#This Row],[BIZD S]]=1)),0) | Z9: =IFERROR(--(COUNTIFS(tblHistory[Date],">="&tblHistory[[#This Row],[Date]],tblHistory[Date],"<="&_xlfn.AGGREGATE(15,6,tblHistory[Date]/(tblHistory[Date]>=tblHistory[[#This Row],[Date]]),5),tblHistory[L1],1)=5),0) | AA9: =IFERROR(--(COUNTIFS(tblHistory[Date],">="&tblHistory[[#This Row],[Date]],tblHistory[Date],"<="&_xlfn.AGGREGATE(15,6,tblHistory[Date]/(tblHistory[Date]>=tblHistory[[#This Row],[Date]]),5),tblHistory[L2],1)=5),0) | AB9: =IFERROR(--(COUNTIFS(tblHistory[Date],">="&tblHistory[[#This Row],[Date]],tblHistory[Date],"<="&_xlfn.AGGREGATE(15,6,tblHistory[Date]/(tblHistory[Date]>=tblHistory[[#This Row],[Date]]),5),tblHistory[L3],1)=5),0) | AC9: =IFERROR(--(COUNTIFS(tblHistory[Date],">="&tblHistory[[#This Row],[Date]],tblHistory[Date],"<="&_xlfn.AGGREGATE(15,6,tblHistory[Date]/(tblHistory[Date]>=tblHistory[[#This Row],[Date]]),5),tblHistory[L4],1)=5),0)
A10: 46302 | B10: 24895.24 | C10: 9432.52 | D10: 40.46 | E10: 221.54 | F10: 36.23 | G10: 16.28 | H10: 20.89 | I10: 402 | J10: =IF(tblHistory[[#This Row],[Date]]-MIN(tblHistory[Date])<364,NA(),IF(ISNUMBER(tblHistory[[#This Row],[NDX]]),MIN(1,MAX(0,((tblHistory[[#This Row],[NDX]]/_xlfn.MAXIFS(tblHistory[NDX],tblHistory[Date],"<="&tblHistory[[#This Row],[Date]],tblHistory[Date],">="&tblHistory[[#This Row],[Date]]-365)-1)-Dashboard!$G$13)/(Dashboard!$H$13-Dashboard!$G$13))),0)) | K10: =IF(tblHistory[[#This Row],[Date]]-MIN(tblHistory[Date])<364,NA(),IF(ISNUMBER(tblHistory[[#This Row],[SOX]]),MIN(1,MAX(0,((tblHistory[[#This Row],[SOX]]/_xlfn.MAXIFS(tblHistory[SOX],tblHistory[Date],"<="&tblHistory[[#This Row],[Date]],tblHistory[Date],">="&tblHistory[[#This Row],[Date]]-365)-1)-Dashboard!$G$14)/(Dashboard!$H$14-Dashboard!$G$14))),0)) | L10: =IF(tblHistory[[#This Row],[Date]]-MIN(tblHistory[Date])<364,NA(),IF(ISNUMBER(tblHistory[[#This Row],[AIQ]]),MIN(1,MAX(0,((tblHistory[[#This Row],[AIQ]]/_xlfn.MAXIFS(tblHistory[AIQ],tblHistory[Date],"<="&tblHistory[[#This Row],[Date]],tblHistory[Date],">="&tblHistory[[#This Row],[Date]]-365)-1)-Dashboard!$G$15)/(Dashboard!$H$15-Dashboard!$G$15))),0)) | M10: =IF(tblHistory[[#This Row],[Date]]-MIN(tblHistory[Date])<364,NA(),IF(ISNUMBER(tblHistory[[#This Row],[ORCL]]),MIN(1,MAX(0,((tblHistory[[#This Row],[ORCL]]/_xlfn.MAXIFS(tblHistory[ORCL],tblHistory[Date],"<="&tblHistory[[#This Row],[Date]],tblHistory[Date],">="&tblHistory[[#This Row],[Date]]-365)-1)-Dashboard!$G$16)/(Dashboard!$H$16-Dashboard!$G$16))),0)) | N10: =IF(tblHistory[[#This Row],[Date]]-MIN(tblHistory[Date])<364,NA(),IF(ISNUMBER(tblHistory[[#This Row],[CRWV]]),MIN(1,MAX(0,((tblHistory[[#This Row],[CRWV]]/_xlfn.MAXIFS(tblHistory[CRWV],tblHistory[Date],"<="&tblHistory[[#This Row],[Date]],tblHistory[Date],">="&tblHistory[[#This Row],[Date]]-365)-1)-Dashboard!$G$17)/(Dashboard!$H$17-Dashboard!$G$17))),0)) | O10: =IF(tblHistory[[#This Row],[Date]]-MIN(tblHistory[Date])<364,NA(),IF(ISNUMBER(tblHistory[[#This Row],[BIZD]]),MIN(1,MAX(0,((tblHistory[[#This Row],[BIZD]]/_xlfn.MAXIFS(tblHistory[BIZD],tblHistory[Date],"<="&tblHistory[[#This Row],[Date]],tblHistory[Date],">="&tblHistory[[#This Row],[Date]]-365)-1)-Dashboard!$G$18)/(Dashboard!$H$18-Dashboard!$G$18))),0)) | P10: =IF(tblHistory[[#This Row],[Date]]-MIN(tblHistory[Date])<364,NA(),IF(ISNUMBER(tblHistory[[#This Row],[BKLN]]),MIN(1,MAX(0,((tblHistory[[#This Row],[BKLN]]/_xlfn.MAXIFS(tblHistory[BKLN],tblHistory[Date],"<="&tblHistory[[#This Row],[Date]],tblHistory[Date],">="&tblHistory[[#This Row],[Date]]-365)-1)-Dashboard!$G$19)/(Dashboard!$H$19-Dashboard!$G$19))),0)) | Q10: =IF(tblHistory[[#This Row],[Date]]-MIN(tblHistory[Date])<364,NA(),MIN(1,MAX(0,(IF(ISNUMBER(tblHistory[[#This Row],[HY]]),tblHistory[[#This Row],[HY]],SUMIFS(tblHistory[HY],tblHistory[Date],_xlfn.MAXIFS(tblHistory[Date],tblHistory[Date],"<"&tblHistory[[#This Row],[Date]],tblHistory[HY],"<>")))-Dashboard!$G$20)/(Dashboard!$H$20-Dashboard!$G$20)))) | R10: =(Dashboard!$C$13*tblHistory[[#This Row],[NDX S]]+Dashboard!$C$14*tblHistory[[#This Row],[SOX S]]+Dashboard!$C$15*tblHistory[[#This Row],[AIQ S]])/SUM(Dashboard!$C$13:$C$15)*100 | S10: =(Dashboard!$C$16*tblHistory[[#This Row],[ORCL S]]+Dashboard!$C$17*tblHistory[[#This Row],[CRWV S]])/SUM(Dashboard!$C$16:$C$17)*100 | T10: =(Dashboard!$C$18*tblHistory[[#This Row],[BIZD S]]+Dashboard!$C$19*tblHistory[[#This Row],[BKLN S]]+Dashboard!$C$20*tblHistory[[#This Row],[HY S]])/SUM(Dashboard!$C$18:$C$20)*100 | U10: =ROUND((Dashboard!$C$13*tblHistory[[#This Row],[NDX S]]+Dashboard!$C$14*tblHistory[[#This Row],[SOX S]]+Dashboard!$C$15*tblHistory[[#This Row],[AIQ S]]+Dashboard!$C$16*tblHistory[[#This Row],[ORCL S]]+Dashboard!$C$17*tblHistory[[#This Row],[CRWV S]]+Dashboard!$C$18*tblHistory[[#This Row],[BIZD S]]+Dashboard!$C$19*tblHistory[[#This Row],[BKLN S]]+Dashboard!$C$20*tblHistory[[#This Row],[HY S]])/SUM(Dashboard!$C$13:$C$20)*100,0) | V10: =IFERROR(--(tblHistory[[#This Row],[Score]]>=50),0) | W10: =IFERROR(--AND(tblHistory[[#This Row],[Score]]>=60,tblHistory[[#This Row],[BIZD S]]>=0.8,tblHistory[[#This Row],[BKLN S]]>=0.5),0) | X10: =IFERROR(--AND(tblHistory[[#This Row],[Score]]>=70,tblHistory[[#This Row],[SOX S]]>=0.83,tblHistory[[#This Row],[AIQ S]]>=0.8),0) | Y10: =IFERROR(--AND(tblHistory[[#This Row],[Score]]>=75,tblHistory[[#This Row],[NDX S]]=1,OR(IF(ISNUMBER(tblHistory[[#This Row],[HY]]),tblHistory[[#This Row],[HY]],SUMIFS(tblHistory[HY],tblHistory[Date],_xlfn.MAXIFS(tblHistory[Date],tblHistory[Date],"<"&tblHistory[[#This Row],[Date]],tblHistory[HY],"<>")))>=500,tblHistory[[#This Row],[BIZD S]]=1)),0) | Z10: =IFERROR(--(COUNTIFS(tblHistory[Date],">="&tblHistory[[#This Row],[Date]],tblHistory[Date],"<="&_xlfn.AGGREGATE(15,6,tblHistory[Date]/(tblHistory[Date]>=tblHistory[[#This Row],[Date]]),5),tblHistory[L1],1)=5),0) | AA10: =IFERROR(--(COUNTIFS(tblHistory[Date],">="&tblHistory[[#This Row],[Date]],tblHistory[Date],"<="&_xlfn.AGGREGATE(15,6,tblHistory[Date]/(tblHistory[Date]>=tblHistory[[#This Row],[Date]]),5),tblHistory[L2],1)=5),0) | AB10: =IFERROR(--(COUNTIFS(tblHistory[Date],">="&tblHistory[[#This Row],[Date]],tblHistory[Date],"<="&_xlfn.AGGREGATE(15,6,tblHistory[Date]/(tblHistory[Date]>=tblHistory[[#This Row],[Date]]),5),tblHistory[L3],1)=5),0) | AC10: =IFERROR(--(COUNTIFS(tblHistory[Date],">="&tblHistory[[#This Row],[Date]],tblHistory[Date],"<="&_xlfn.AGGREGATE(15,6,tblHistory[Date]/(tblHistory[Date]>=tblHistory[[#This Row],[Date]]),5),tblHistory[L4],1)=5),0)
A11: 46301 | B11: 24287.97 | C11: 9620.85 | D11: 40.93 | E11: 223.99 | F11: 39.02 | G11: 16.04 | H11: 20.86 | I11: 394 | J11: =IF(tblHistory[[#This Row],[Date]]-MIN(tblHistory[Date])<364,NA(),IF(ISNUMBER(tblHistory[[#This Row],[NDX]]),MIN(1,MAX(0,((tblHistory[[#This Row],[NDX]]/_xlfn.MAXIFS(tblHistory[NDX],tblHistory[Date],"<="&tblHistory[[#This Row],[Date]],tblHistory[Date],">="&tblHistory[[#This Row],[Date]]-365)-1)-Dashboard!$G$13)/(Dashboard!$H$13-Dashboard!$G$13))),0)) | K11: =IF(tblHistory[[#This Row],[Date]]-MIN(tblHistory[Date])<364,NA(),IF(ISNUMBER(tblHistory[[#This Row],[SOX]]),MIN(1,MAX(0,((tblHistory[[#This Row],[SOX]]/_xlfn.MAXIFS(tblHistory[SOX],tblHistory[Date],"<="&tblHistory[[#This Row],[Date]],tblHistory[Date],">="&tblHistory[[#This Row],[Date]]-365)-1)-Dashboard!$G$14)/(Dashboard!$H$14-Dashboard!$G$14))),0)) | L11: =IF(tblHistory[[#This Row],[Date]]-MIN(tblHistory[Date])<364,NA(),IF(ISNUMBER(tblHistory[[#This Row],[AIQ]]),MIN(1,MAX(0,((tblHistory[[#This Row],[AIQ]]/_xlfn.MAXIFS(tblHistory[AIQ],tblHistory[Date],"<="&tblHistory[[#This Row],[Date]],tblHistory[Date],">="&tblHistory[[#This Row],[Date]]-365)-1)-Dashboard!$G$15)/(Dashboard!$H$15-Dashboard!$G$15))),0)) | M11: =IF(tblHistory[[#This Row],[Date]]-MIN(tblHistory[Date])<364,NA(),IF(ISNUMBER(tblHistory[[#This Row],[ORCL]]),MIN(1,MAX(0,((tblHistory[[#This Row],[ORCL]]/_xlfn.MAXIFS(tblHistory[ORCL],tblHistory[Date],"<="&tblHistory[[#This Row],[Date]],tblHistory[Date],">="&tblHistory[[#This Row],[Date]]-365)-1)-Dashboard!$G$16)/(Dashboard!$H$16-Dashboard!$G$16))),0)) | N11: =IF(tblHistory[[#This Row],[Date]]-MIN(tblHistory[Date])<364,NA(),IF(ISNUMBER(tblHistory[[#This Row],[CRWV]]),MIN(1,MAX(0,((tblHistory[[#This Row],[CRWV]]/_xlfn.MAXIFS(tblHistory[CRWV],tblHistory[Date],"<="&tblHistory[[#This Row],[Date]],tblHistory[Date],">="&tblHistory[[#This Row],[Date]]-365)-1)-Dashboard!$G$17)/(Dashboard!$H$17-Dashboard!$G$17))),0)) | O11: =IF(tblHistory[[#This Row],[Date]]-MIN(tblHistory[Date])<364,NA(),IF(ISNUMBER(tblHistory[[#This Row],[BIZD]]),MIN(1,MAX(0,((tblHistory[[#This Row],[BIZD]]/_xlfn.MAXIFS(tblHistory[BIZD],tblHistory[Date],"<="&tblHistory[[#This Row],[Date]],tblHistory[Date],">="&tblHistory[[#This Row],[Date]]-365)-1)-Dashboard!$G$18)/(Dashboard!$H$18-Dashboard!$G$18))),0)) | P11: =IF(tblHistory[[#This Row],[Date]]-MIN(tblHistory[Date])<364,NA(),IF(ISNUMBER(tblHistory[[#This Row],[BKLN]]),MIN(1,MAX(0,((tblHistory[[#This Row],[BKLN]]/_xlfn.MAXIFS(tblHistory[BKLN],tblHistory[Date],"<="&tblHistory[[#This Row],[Date]],tblHistory[Date],">="&tblHistory[[#This Row],[Date]]-365)-1)-Dashboard!$G$19)/(Dashboard!$H$19-Dashboard!$G$19))),0)) | Q11: =IF(tblHistory[[#This Row],[Date]]-MIN(tblHistory[Date])<364,NA(),MIN(1,MAX(0,(IF(ISNUMBER(tblHistory[[#This Row],[HY]]),tblHistory[[#This Row],[HY]],SUMIFS(tblHistory[HY],tblHistory[Date],_xlfn.MAXIFS(tblHistory[Date],tblHistory[Date],"<"&tblHistory[[#This Row],[Date]],tblHistory[HY],"<>")))-Dashboard!$G$20)/(Dashboard!$H$20-Dashboard!$G$20)))) | R11: =(Dashboard!$C$13*tblHistory[[#This Row],[NDX S]]+Dashboard!$C$14*tblHistory[[#This Row],[SOX S]]+Dashboard!$C$15*tblHistory[[#This Row],[AIQ S]])/SUM(Dashboard!$C$13:$C$15)*100 | S11: =(Dashboard!$C$16*tblHistory[[#This Row],[ORCL S]]+Dashboard!$C$17*tblHistory[[#This Row],[CRWV S]])/SUM(Dashboard!$C$16:$C$17)*100 | T11: =(Dashboard!$C$18*tblHistory[[#This Row],[BIZD S]]+Dashboard!$C$19*tblHistory[[#This Row],[BKLN S]]+Dashboard!$C$20*tblHistory[[#This Row],[HY S]])/SUM(Dashboard!$C$18:$C$20)*100 | U11: =ROUND((Dashboard!$C$13*tblHistory[[#This Row],[NDX S]]+Dashboard!$C$14*tblHistory[[#This Row],[SOX S]]+Dashboard!$C$15*tblHistory[[#This Row],[AIQ S]]+Dashboard!$C$16*tblHistory[[#This Row],[ORCL S]]+Dashboard!$C$17*tblHistory[[#This Row],[CRWV S]]+Dashboard!$C$18*tblHistory[[#This Row],[BIZD S]]+Dashboard!$C$19*tblHistory[[#This Row],[BKLN S]]+Dashboard!$C$20*tblHistory[[#This Row],[HY S]])/SUM(Dashboard!$C$13:$C$20)*100,0) | V11: =IFERROR(--(tblHistory[[#This Row],[Score]]>=50),0) | W11: =IFERROR(--AND(tblHistory[[#This Row],[Score]]>=60,tblHistory[[#This Row],[BIZD S]]>=0.8,tblHistory[[#This Row],[BKLN S]]>=0.5),0) | X11: =IFERROR(--AND(tblHistory[[#This Row],[Score]]>=70,tblHistory[[#This Row],[SOX S]]>=0.83,tblHistory[[#This Row],[AIQ S]]>=0.8),0) | Y11: =IFERROR(--AND(tblHistory[[#This Row],[Score]]>=75,tblHistory[[#This Row],[NDX S]]=1,OR(IF(ISNUMBER(tblHistory[[#This Row],[HY]]),tblHistory[[#This Row],[HY]],SUMIFS(tblHistory[HY],tblHistory[Date],_xlfn.MAXIFS(tblHistory[Date],tblHistory[Date],"<"&tblHistory[[#This Row],[Date]],tblHistory[HY],"<>")))>=500,tblHistory[[#This Row],[BIZD S]]=1)),0) | Z11: =IFERROR(--(COUNTIFS(tblHistory[Date],">="&tblHistory[[#This Row],[Date]],tblHistory[Date],"<="&_xlfn.AGGREGATE(15,6,tblHistory[Date]/(tblHistory[Date]>=tblHistory[[#This Row],[Date]]),5),tblHistory[L1],1)=5),0) | AA11: =IFERROR(--(COUNTIFS(tblHistory[Date],">="&tblHistory[[#This Row],[Date]],tblHistory[Date],"<="&_xlfn.AGGREGATE(15,6,tblHistory[Date]/(tblHistory[Date]>=tblHistory[[#This Row],[Date]]),5),tblHistory[L2],1)=5),0) | AB11: =IFERROR(--(COUNTIFS(tblHistory[Date],">="&tblHistory[[#This Row],[Date]],tblHistory[Date],"<="&_xlfn.AGGREGATE(15,6,tblHistory[Date]/(tblHistory[Date]>=tblHistory[[#This Row],[Date]]),5),tblHistory[L3],1)=5),0) | AC11: =IFERROR(--(COUNTIFS(tblHistory[Date],">="&tblHistory[[#This Row],[Date]],tblHistory[Date],"<="&_xlfn.AGGREGATE(15,6,tblHistory[Date]/(tblHistory[Date]>=tblHistory[[#This Row],[Date]]),5),tblHistory[L4],1)=5),0)
A12: 46300 | B12: 24486.77 | C12: 9795.26 | D12: 41.44 | E12: 225.87 | F12: 38.04 | G12: 16.21 | H12: 20.86 | I12: 391 | J12: =IF(tblHistory[[#This Row],[Date]]-MIN(tblHistory[Date])<364,NA(),IF(ISNUMBER(tblHistory[[#This Row],[NDX]]),MIN(1,MAX(0,((tblHistory[[#This Row],[NDX]]/_xlfn.MAXIFS(tblHistory[NDX],tblHistory[Date],"<="&tblHistory[[#This Row],[Date]],tblHistory[Date],">="&tblHistory[[#This Row],[Date]]-365)-1)-Dashboard!$G$13)/(Dashboard!$H$13-Dashboard!$G$13))),0)) | K12: =IF(tblHistory[[#This Row],[Date]]-MIN(tblHistory[Date])<364,NA(),IF(ISNUMBER(tblHistory[[#This Row],[SOX]]),MIN(1,MAX(0,((tblHistory[[#This Row],[SOX]]/_xlfn.MAXIFS(tblHistory[SOX],tblHistory[Date],"<="&tblHistory[[#This Row],[Date]],tblHistory[Date],">="&tblHistory[[#This Row],[Date]]-365)-1)-Dashboard!$G$14)/(Dashboard!$H$14-Dashboard!$G$14))),0)) | L12: =IF(tblHistory[[#This Row],[Date]]-MIN(tblHistory[Date])<364,NA(),IF(ISNUMBER(tblHistory[[#This Row],[AIQ]]),MIN(1,MAX(0,((tblHistory[[#This Row],[AIQ]]/_xlfn.MAXIFS(tblHistory[AIQ],tblHistory[Date],"<="&tblHistory[[#This Row],[Date]],tblHistory[Date],">="&tblHistory[[#This Row],[Date]]-365)-1)-Dashboard!$G$15)/(Dashboard!$H$15-Dashboard!$G$15))),0)) | M12: =IF(tblHistory[[#This Row],[Date]]-MIN(tblHistory[Date])<364,NA(),IF(ISNUMBER(tblHistory[[#This Row],[ORCL]]),MIN(1,MAX(0,((tblHistory[[#This Row],[ORCL]]/_xlfn.MAXIFS(tblHistory[ORCL],tblHistory[Date],"<="&tblHistory[[#This Row],[Date]],tblHistory[Date],">="&tblHistory[[#This Row],[Date]]-365)-1)-Dashboard!$G$16)/(Dashboard!$H$16-Dashboard!$G$16))),0)) | N12: =IF(tblHistory[[#This Row],[Date]]-MIN(tblHistory[Date])<364,NA(),IF(ISNUMBER(tblHistory[[#This Row],[CRWV]]),MIN(1,MAX(0,((tblHistory[[#This Row],[CRWV]]/_xlfn.MAXIFS(tblHistory[CRWV],tblHistory[Date],"<="&tblHistory[[#This Row],[Date]],tblHistory[Date],">="&tblHistory[[#This Row],[Date]]-365)-1)-Dashboard!$G$17)/(Dashboard!$H$17-Dashboard!$G$17))),0)) | O12: =IF(tblHistory[[#This Row],[Date]]-MIN(tblHistory[Date])<364,NA(),IF(ISNUMBER(tblHistory[[#This Row],[BIZD]]),MIN(1,MAX(0,((tblHistory[[#This Row],[BIZD]]/_xlfn.MAXIFS(tblHistory[BIZD],tblHistory[Date],"<="&tblHistory[[#This Row],[Date]],tblHistory[Date],">="&tblHistory[[#This Row],[Date]]-365)-1)-Dashboard!$G$18)/(Dashboard!$H$18-Dashboard!$G$18))),0)) | P12: =IF(tblHistory[[#This Row],[Date]]-MIN(tblHistory[Date])<364,NA(),IF(ISNUMBER(tblHistory[[#This Row],[BKLN]]),MIN(1,MAX(0,((tblHistory[[#This Row],[BKLN]]/_xlfn.MAXIFS(tblHistory[BKLN],tblHistory[Date],"<="&tblHistory[[#This Row],[Date]],tblHistory[Date],">="&tblHistory[[#This Row],[Date]]-365)-1)-Dashboard!$G$19)/(Dashboard!$H$19-Dashboard!$G$19))),0)) | Q12: =IF(tblHistory[[#This Row],[Date]]-MIN(tblHistory[Date])<364,NA(),MIN(1,MAX(0,(IF(ISNUMBER(tblHistory[[#This Row],[HY]]),tblHistory[[#This Row],[HY]],SUMIFS(tblHistory[HY],tblHistory[Date],_xlfn.MAXIFS(tblHistory[Date],tblHistory[Date],"<"&tblHistory[[#This Row],[Date]],tblHistory[HY],"<>")))-Dashboard!$G$20)/(Dashboard!$H$20-Dashboard!$G$20)))) | R12: =(Dashboard!$C$13*tblHistory[[#This Row],[NDX S]]+Dashboard!$C$14*tblHistory[[#This Row],[SOX S]]+Dashboard!$C$15*tblHistory[[#This Row],[AIQ S]])/SUM(Dashboard!$C$13:$C$15)*100 | S12: =(Dashboard!$C$16*tblHistory[[#This Row],[ORCL S]]+Dashboard!$C$17*tblHistory[[#This Row],[CRWV S]])/SUM(Dashboard!$C$16:$C$17)*100 | T12: =(Dashboard!$C$18*tblHistory[[#This Row],[BIZD S]]+Dashboard!$C$19*tblHistory[[#This Row],[BKLN S]]+Dashboard!$C$20*tblHistory[[#This Row],[HY S]])/SUM(Dashboard!$C$18:$C$20)*100 | U12: =ROUND((Dashboard!$C$13*tblHistory[[#This Row],[NDX S]]+Dashboard!$C$14*tblHistory[[#This Row],[SOX S]]+Dashboard!$C$15*tblHistory[[#This Row],[AIQ S]]+Dashboard!$C$16*tblHistory[[#This Row],[ORCL S]]+Dashboard!$C$17*tblHistory[[#This Row],[CRWV S]]+Dashboard!$C$18*tblHistory[[#This Row],[BIZD S]]+Dashboard!$C$19*tblHistory[[#This Row],[BKLN S]]+Dashboard!$C$20*tblHistory[[#This Row],[HY S]])/SUM(Dashboard!$C$13:$C$20)*100,0) | V12: =IFERROR(--(tblHistory[[#This Row],[Score]]>=50),0) | W12: =IFERROR(--AND(tblHistory[[#This Row],[Score]]>=60,tblHistory[[#This Row],[BIZD S]]>=0.8,tblHistory[[#This Row],[BKLN S]]>=0.5),0) | X12: =IFERROR(--AND(tblHistory[[#This Row],[Score]]>=70,tblHistory[[#This Row],[SOX S]]>=0.83,tblHistory[[#This Row],[AIQ S]]>=0.8),0) | Y12: =IFERROR(--AND(tblHistory[[#This Row],[Score]]>=75,tblHistory[[#This Row],[NDX S]]=1,OR(IF(ISNUMBER(tblHistory[[#This Row],[HY]]),tblHistory[[#This Row],[HY]],SUMIFS(tblHistory[HY],tblHistory[Date],_xlfn.MAXIFS(tblHistory[Date],tblHistory[Date],"<"&tblHistory[[#This Row],[Date]],tblHistory[HY],"<>")))>=500,tblHistory[[#This Row],[BIZD S]]=1)),0) | Z12: =IFERROR(--(COUNTIFS(tblHistory[Date],">="&tblHistory[[#This Row],[Date]],tblHistory[Date],"<="&_xlfn.AGGREGATE(15,6,tblHistory[Date]/(tblHistory[Date]>=tblHistory[[#This Row],[Date]]),5),tblHistory[L1],1)=5),0) | AA12: =IFERROR(--(COUNTIFS(tblHistory[Date],">="&tblHistory[[#This Row],[Date]],tblHistory[Date],"<="&_xlfn.AGGREGATE(15,6,tblHistory[Date]/(tblHistory[Date]>=tblHistory[[#This Row],[Date]]),5),tblHistory[L2],1)=5),0) | AB12: =IFERROR(--(COUNTIFS(tblHistory[Date],">="&tblHistory[[#This Row],[Date]],tblHistory[Date],"<="&_xlfn.AGGREGATE(15,6,tblHistory[Date]/(tblHistory[Date]>=tblHistory[[#This Row],[Date]]),5),tblHistory[L3],1)=5),0) | AC12: =IFERROR(--(COUNTIFS(tblHistory[Date],">="&tblHistory[[#This Row],[Date]],tblHistory[Date],"<="&_xlfn.AGGREGATE(15,6,tblHistory[Date]/(tblHistory[Date]>=tblHistory[[#This Row],[Date]]),5),tblHistory[L4],1)=5),0)
A13: 46297 | B13: 24411.37 | C13: 9705.04 | D13: 41.78 | E13: 229.28 | F13: 40.19 | G13: 16.36 | H13: 20.93 | I13: 387 | J13: =IF(tblHistory[[#This Row],[Date]]-MIN(tblHistory[Date])<364,NA(),IF(ISNUMBER(tblHistory[[#This Row],[NDX]]),MIN(1,MAX(0,((tblHistory[[#This Row],[NDX]]/_xlfn.MAXIFS(tblHistory[NDX],tblHistory[Date],"<="&tblHistory[[#This Row],[Date]],tblHistory[Date],">="&tblHistory[[#This Row],[Date]]-365)-1)-Dashboard!$G$13)/(Dashboard!$H$13-Dashboard!$G$13))),0)) | K13: =IF(tblHistory[[#This Row],[Date]]-MIN(tblHistory[Date])<364,NA(),IF(ISNUMBER(tblHistory[[#This Row],[SOX]]),MIN(1,MAX(0,((tblHistory[[#This Row],[SOX]]/_xlfn.MAXIFS(tblHistory[SOX],tblHistory[Date],"<="&tblHistory[[#This Row],[Date]],tblHistory[Date],">="&tblHistory[[#This Row],[Date]]-365)-1)-Dashboard!$G$14)/(Dashboard!$H$14-Dashboard!$G$14))),0)) | L13: =IF(tblHistory[[#This Row],[Date]]-MIN(tblHistory[Date])<364,NA(),IF(ISNUMBER(tblHistory[[#This Row],[AIQ]]),MIN(1,MAX(0,((tblHistory[[#This Row],[AIQ]]/_xlfn.MAXIFS(tblHistory[AIQ],tblHistory[Date],"<="&tblHistory[[#This Row],[Date]],tblHistory[Date],">="&tblHistory[[#This Row],[Date]]-365)-1)-Dashboard!$G$15)/(Dashboard!$H$15-Dashboard!$G$15))),0)) | M13: =IF(tblHistory[[#This Row],[Date]]-MIN(tblHistory[Date])<364,NA(),IF(ISNUMBER(tblHistory[[#This Row],[ORCL]]),MIN(1,MAX(0,((tblHistory[[#This Row],[ORCL]]/_xlfn.MAXIFS(tblHistory[ORCL],tblHistory[Date],"<="&tblHistory[[#This Row],[Date]],tblHistory[Date],">="&tblHistory[[#This Row],[Date]]-365)-1)-Dashboard!$G$16)/(Dashboard!$H$16-Dashboard!$G$16))),0)) | N13: =IF(tblHistory[[#This Row],[Date]]-MIN(tblHistory[Date])<364,NA(),IF(ISNUMBER(tblHistory[[#This Row],[CRWV]]),MIN(1,MAX(0,((tblHistory[[#This Row],[CRWV]]/_xlfn.MAXIFS(tblHistory[CRWV],tblHistory[Date],"<="&tblHistory[[#This Row],[Date]],tblHistory[Date],">="&tblHistory[[#This Row],[Date]]-365)-1)-Dashboard!$G$17)/(Dashboard!$H$17-Dashboard!$G$17))),0)) | O13: =IF(tblHistory[[#This Row],[Date]]-MIN(tblHistory[Date])<364,NA(),IF(ISNUMBER(tblHistory[[#This Row],[BIZD]]),MIN(1,MAX(0,((tblHistory[[#This Row],[BIZD]]/_xlfn.MAXIFS(tblHistory[BIZD],tblHistory[Date],"<="&tblHistory[[#This Row],[Date]],tblHistory[Date],">="&tblHistory[[#This Row],[Date]]-365)-1)-Dashboard!$G$18)/(Dashboard!$H$18-Dashboard!$G$18))),0)) | P13: =IF(tblHistory[[#This Row],[Date]]-MIN(tblHistory[Date])<364,NA(),IF(ISNUMBER(tblHistory[[#This Row],[BKLN]]),MIN(1,MAX(0,((tblHistory[[#This Row],[BKLN]]/_xlfn.MAXIFS(tblHistory[BKLN],tblHistory[Date],"<="&tblHistory[[#This Row],[Date]],tblHistory[Date],">="&tblHistory[[#This Row],[Date]]-365)-1)-Dashboard!$G$19)/(Dashboard!$H$19-Dashboard!$G$19))),0)) | Q13: =IF(tblHistory[[#This Row],[Date]]-MIN(tblHistory[Date])<364,NA(),MIN(1,MAX(0,(IF(ISNUMBER(tblHistory[[#This Row],[HY]]),tblHistory[[#This Row],[HY]],SUMIFS(tblHistory[HY],tblHistory[Date],_xlfn.MAXIFS(tblHistory[Date],tblHistory[Date],"<"&tblHistory[[#This Row],[Date]],tblHistory[HY],"<>")))-Dashboard!$G$20)/(Dashboard!$H$20-Dashboard!$G$20)))) | R13: =(Dashboard!$C$13*tblHistory[[#This Row],[NDX S]]+Dashboard!$C$14*tblHistory[[#This Row],[SOX S]]+Dashboard!$C$15*tblHistory[[#This Row],[AIQ S]])/SUM(Dashboard!$C$13:$C$15)*100 | S13: =(Dashboard!$C$16*tblHistory[[#This Row],[ORCL S]]+Dashboard!$C$17*tblHistory[[#This Row],[CRWV S]])/SUM(Dashboard!$C$16:$C$17)*100 | T13: =(Dashboard!$C$18*tblHistory[[#This Row],[BIZD S]]+Dashboard!$C$19*tblHistory[[#This Row],[BKLN S]]+Dashboard!$C$20*tblHistory[[#This Row],[HY S]])/SUM(Dashboard!$C$18:$C$20)*100 | U13: =ROUND((Dashboard!$C$13*tblHistory[[#This Row],[NDX S]]+Dashboard!$C$14*tblHistory[[#This Row],[SOX S]]+Dashboard!$C$15*tblHistory[[#This Row],[AIQ S]]+Dashboard!$C$16*tblHistory[[#This Row],[ORCL S]]+Dashboard!$C$17*tblHistory[[#This Row],[CRWV S]]+Dashboard!$C$18*tblHistory[[#This Row],[BIZD S]]+Dashboard!$C$19*tblHistory[[#This Row],[BKLN S]]+Dashboard!$C$20*tblHistory[[#This Row],[HY S]])/SUM(Dashboard!$C$13:$C$20)*100,0) | V13: =IFERROR(--(tblHistory[[#This Row],[Score]]>=50),0) | W13: =IFERROR(--AND(tblHistory[[#This Row],[Score]]>=60,tblHistory[[#This Row],[BIZD S]]>=0.8,tblHistory[[#This Row],[BKLN S]]>=0.5),0) | X13: =IFERROR(--AND(tblHistory[[#This Row],[Score]]>=70,tblHistory[[#This Row],[SOX S]]>=0.83,tblHistory[[#This Row],[AIQ S]]>=0.8),0) | Y13: =IFERROR(--AND(tblHistory[[#This Row],[Score]]>=75,tblHistory[[#This Row],[NDX S]]=1,OR(IF(ISNUMBER(tblHistory[[#This Row],[HY]]),tblHistory[[#This Row],[HY]],SUMIFS(tblHistory[HY],tblHistory[Date],_xlfn.MAXIFS(tblHistory[Date],tblHistory[Date],"<"&tblHistory[[#This Row],[Date]],tblHistory[HY],"<>")))>=500,tblHistory[[#This Row],[BIZD S]]=1)),0) | Z13: =IFERROR(--(COUNTIFS(tblHistory[Date],">="&tblHistory[[#This Row],[Date]],tblHistory[Date],"<="&_xlfn.AGGREGATE(15,6,tblHistory[Date]/(tblHistory[Date]>=tblHistory[[#This Row],[Date]]),5),tblHistory[L1],1)=5),0) | AA13: =IFERROR(--(COUNTIFS(tblHistory[Date],">="&tblHistory[[#This Row],[Date]],tblHistory[Date],"<="&_xlfn.AGGREGATE(15,6,tblHistory[Date]/(tblHistory[Date]>=tblHistory[[#This Row],[Date]]),5),tblHistory[L2],1)=5),0) | AB13: =IFERROR(--(COUNTIFS(tblHistory[Date],">="&tblHistory[[#This Row],[Date]],tblHistory[Date],"<="&_xlfn.AGGREGATE(15,6,tblHistory[Date]/(tblHistory[Date]>=tblHistory[[#This Row],[Date]]),5),tblHistory[L3],1)=5),0) | AC13: =IFERROR(--(COUNTIFS(tblHistory[Date],">="&tblHistory[[#This Row],[Date]],tblHistory[Date],"<="&_xlfn.AGGREGATE(15,6,tblHistory[Date]/(tblHistory[Date]>=tblHistory[[#This Row],[Date]]),5),tblHistory[L4],1)=5),0)
A14: 46296 | B14: 24458.55 | C14: 9595.87 | D14: 42.66 | E14: 229.43 | F14: 42.32 | G14: 16.5 | H14: 20.99 | I14: 386 | J14: =IF(tblHistory[[#This Row],[Date]]-MIN(tblHistory[Date])<364,NA(),IF(ISNUMBER(tblHistory[[#This Row],[NDX]]),MIN(1,MAX(0,((tblHistory[[#This Row],[NDX]]/_xlfn.MAXIFS(tblHistory[NDX],tblHistory[Date],"<="&tblHistory[[#This Row],[Date]],tblHistory[Date],">="&tblHistory[[#This Row],[Date]]-365)-1)-Dashboard!$G$13)/(Dashboard!$H$13-Dashboard!$G$13))),0)) | K14: =IF(tblHistory[[#This Row],[Date]]-MIN(tblHistory[Date])<364,NA(),IF(ISNUMBER(tblHistory[[#This Row],[SOX]]),MIN(1,MAX(0,((tblHistory[[#This Row],[SOX]]/_xlfn.MAXIFS(tblHistory[SOX],tblHistory[Date],"<="&tblHistory[[#This Row],[Date]],tblHistory[Date],">="&tblHistory[[#This Row],[Date]]-365)-1)-Dashboard!$G$14)/(Dashboard!$H$14-Dashboard!$G$14))),0)) | L14: =IF(tblHistory[[#This Row],[Date]]-MIN(tblHistory[Date])<364,NA(),IF(ISNUMBER(tblHistory[[#This Row],[AIQ]]),MIN(1,MAX(0,((tblHistory[[#This Row],[AIQ]]/_xlfn.MAXIFS(tblHistory[AIQ],tblHistory[Date],"<="&tblHistory[[#This Row],[Date]],tblHistory[Date],">="&tblHistory[[#This Row],[Date]]-365)-1)-Dashboard!$G$15)/(Dashboard!$H$15-Dashboard!$G$15))),0)) | M14: =IF(tblHistory[[#This Row],[Date]]-MIN(tblHistory[Date])<364,NA(),IF(ISNUMBER(tblHistory[[#This Row],[ORCL]]),MIN(1,MAX(0,((tblHistory[[#This Row],[ORCL]]/_xlfn.MAXIFS(tblHistory[ORCL],tblHistory[Date],"<="&tblHistory[[#This Row],[Date]],tblHistory[Date],">="&tblHistory[[#This Row],[Date]]-365)-1)-Dashboard!$G$16)/(Dashboard!$H$16-Dashboard!$G$16))),0)) | N14: =IF(tblHistory[[#This Row],[Date]]-MIN(tblHistory[Date])<364,NA(),IF(ISNUMBER(tblHistory[[#This Row],[CRWV]]),MIN(1,MAX(0,((tblHistory[[#This Row],[CRWV]]/_xlfn.MAXIFS(tblHistory[CRWV],tblHistory[Date],"<="&tblHistory[[#This Row],[Date]],tblHistory[Date],">="&tblHistory[[#This Row],[Date]]-365)-1)-Dashboard!$G$17)/(Dashboard!$H$17-Dashboard!$G$17))),0)) | O14: =IF(tblHistory[[#This Row],[Date]]-MIN(tblHistory[Date])<364,NA(),IF(ISNUMBER(tblHistory[[#This Row],[BIZD]]),MIN(1,MAX(0,((tblHistory[[#This Row],[BIZD]]/_xlfn.MAXIFS(tblHistory[BIZD],tblHistory[Date],"<="&tblHistory[[#This Row],[Date]],tblHistory[Date],">="&tblHistory[[#This Row],[Date]]-365)-1)-Dashboard!$G$18)/(Dashboard!$H$18-Dashboard!$G$18))),0)) | P14: =IF(tblHistory[[#This Row],[Date]]-MIN(tblHistory[Date])<364,NA(),IF(ISNUMBER(tblHistory[[#This Row],[BKLN]]),MIN(1,MAX(0,((tblHistory[[#This Row],[BKLN]]/_xlfn.MAXIFS(tblHistory[BKLN],tblHistory[Date],"<="&tblHistory[[#This Row],[Date]],tblHistory[Date],">="&tblHistory[[#This Row],[Date]]-365)-1)-Dashboard!$G$19)/(Dashboard!$H$19-Dashboard!$G$19))),0)) | Q14: =IF(tblHistory[[#This Row],[Date]]-MIN(tblHistory[Date])<364,NA(),MIN(1,MAX(0,(IF(ISNUMBER(tblHistory[[#This Row],[HY]]),tblHistory[[#This Row],[HY]],SUMIFS(tblHistory[HY],tblHistory[Date],_xlfn.MAXIFS(tblHistory[Date],tblHistory[Date],"<"&tblHistory[[#This Row],[Date]],tblHistory[HY],"<>")))-Dashboard!$G$20)/(Dashboard!$H$20-Dashboard!$G$20)))) | R14: =(Dashboard!$C$13*tblHistory[[#This Row],[NDX S]]+Dashboard!$C$14*tblHistory[[#This Row],[SOX S]]+Dashboard!$C$15*tblHistory[[#This Row],[AIQ S]])/SUM(Dashboard!$C$13:$C$15)*100 | S14: =(Dashboard!$C$16*tblHistory[[#This Row],[ORCL S]]+Dashboard!$C$17*tblHistory[[#This Row],[CRWV S]])/SUM(Dashboard!$C$16:$C$17)*100 | T14: =(Dashboard!$C$18*tblHistory[[#This Row],[BIZD S]]+Dashboard!$C$19*tblHistory[[#This Row],[BKLN S]]+Dashboard!$C$20*tblHistory[[#This Row],[HY S]])/SUM(Dashboard!$C$18:$C$20)*100 | U14: =ROUND((Dashboard!$C$13*tblHistory[[#This Row],[NDX S]]+Dashboard!$C$14*tblHistory[[#This Row],[SOX S]]+Dashboard!$C$15*tblHistory[[#This Row],[AIQ S]]+Dashboard!$C$16*tblHistory[[#This Row],[ORCL S]]+Dashboard!$C$17*tblHistory[[#This Row],[CRWV S]]+Dashboard!$C$18*tblHistory[[#This Row],[BIZD S]]+Dashboard!$C$19*tblHistory[[#This Row],[BKLN S]]+Dashboard!$C$20*tblHistory[[#This Row],[HY S]])/SUM(Dashboard!$C$13:$C$20)*100,0) | V14: =IFERROR(--(tblHistory[[#This Row],[Score]]>=50),0) | W14: =IFERROR(--AND(tblHistory[[#This Row],[Score]]>=60,tblHistory[[#This Row],[BIZD S]]>=0.8,tblHistory[[#This Row],[BKLN S]]>=0.5),0) | X14: =IFERROR(--AND(tblHistory[[#This Row],[Score]]>=70,tblHistory[[#This Row],[SOX S]]>=0.83,tblHistory[[#This Row],[AIQ S]]>=0.8),0) | Y14: =IFERROR(--AND(tblHistory[[#This Row],[Score]]>=75,tblHistory[[#This Row],[NDX S]]=1,OR(IF(ISNUMBER(tblHistory[[#This Row],[HY]]),tblHistory[[#This Row],[HY]],SUMIFS(tblHistory[HY],tblHistory[Date],_xlfn.MAXIFS(tblHistory[Date],tblHistory[Date],"<"&tblHistory[[#This Row],[Date]],tblHistory[HY],"<>")))>=500,tblHistory[[#This Row],[BIZD S]]=1)),0) | Z14: =IFERROR(--(COUNTIFS(tblHistory[Date],">="&tblHistory[[#This Row],[Date]],tblHistory[Date],"<="&_xlfn.AGGREGATE(15,6,tblHistory[Date]/(tblHistory[Date]>=tblHistory[[#This Row],[Date]]),5),tblHistory[L1],1)=5),0) | AA14: =IFERROR(--(COUNTIFS(tblHistory[Date],">="&tblHistory[[#This Row],[Date]],tblHistory[Date],"<="&_xlfn.AGGREGATE(15,6,tblHistory[Date]/(tblHistory[Date]>=tblHistory[[#This Row],[Date]]),5),tblHistory[L2],1)=5),0) | AB14: =IFERROR(--(COUNTIFS(tblHistory[Date],">="&tblHistory[[#This Row],[Date]],tblHistory[Date],"<="&_xlfn.AGGREGATE(15,6,tblHistory[Date]/(tblHistory[Date]>=tblHistory[[#This Row],[Date]]),5),tblHistory[L3],1)=5),0) | AC14: =IFERROR(--(COUNTIFS(tblHistory[Date],">="&tblHistory[[#This Row],[Date]],tblHistory[Date],"<="&_xlfn.AGGREGATE(15,6,tblHistory[Date]/(tblHistory[Date]>=tblHistory[[#This Row],[Date]]),5),tblHistory[L4],1)=5),0)
A15: 46295 | B15: 24681.85 | C15: 9379.11 | D15: 43.1 | E15: 238.86 | F15: 42.24 | G15: 16.64 | H15: 21.03 | J15: =IF(tblHistory[[#This Row],[Date]]-MIN(tblHistory[Date])<364,NA(),IF(ISNUMBER(tblHistory[[#This Row],[NDX]]),MIN(1,MAX(0,((tblHistory[[#This Row],[NDX]]/_xlfn.MAXIFS(tblHistory[NDX],tblHistory[Date],"<="&tblHistory[[#This Row],[Date]],tblHistory[Date],">="&tblHistory[[#This Row],[Date]]-365)-1)-Dashboard!$G$13)/(Dashboard!$H$13-Dashboard!$G$13))),0)) | K15: =IF(tblHistory[[#This Row],[Date]]-MIN(tblHistory[Date])<364,NA(),IF(ISNUMBER(tblHistory[[#This Row],[SOX]]),MIN(1,MAX(0,((tblHistory[[#This Row],[SOX]]/_xlfn.MAXIFS(tblHistory[SOX],tblHistory[Date],"<="&tblHistory[[#This Row],[Date]],tblHistory[Date],">="&tblHistory[[#This Row],[Date]]-365)-1)-Dashboard!$G$14)/(Dashboard!$H$14-Dashboard!$G$14))),0)) | L15: =IF(tblHistory[[#This Row],[Date]]-MIN(tblHistory[Date])<364,NA(),IF(ISNUMBER(tblHistory[[#This Row],[AIQ]]),MIN(1,MAX(0,((tblHistory[[#This Row],[AIQ]]/_xlfn.MAXIFS(tblHistory[AIQ],tblHistory[Date],"<="&tblHistory[[#This Row],[Date]],tblHistory[Date],">="&tblHistory[[#This Row],[Date]]-365)-1)-Dashboard!$G$15)/(Dashboard!$H$15-Dashboard!$G$15))),0)) | M15: =IF(tblHistory[[#This Row],[Date]]-MIN(tblHistory[Date])<364,NA(),IF(ISNUMBER(tblHistory[[#This Row],[ORCL]]),MIN(1,MAX(0,((tblHistory[[#This Row],[ORCL]]/_xlfn.MAXIFS(tblHistory[ORCL],tblHistory[Date],"<="&tblHistory[[#This Row],[Date]],tblHistory[Date],">="&tblHistory[[#This Row],[Date]]-365)-1)-Dashboard!$G$16)/(Dashboard!$H$16-Dashboard!$G$16))),0)) | N15: =IF(tblHistory[[#This Row],[Date]]-MIN(tblHistory[Date])<364,NA(),IF(ISNUMBER(tblHistory[[#This Row],[CRWV]]),MIN(1,MAX(0,((tblHistory[[#This Row],[CRWV]]/_xlfn.MAXIFS(tblHistory[CRWV],tblHistory[Date],"<="&tblHistory[[#This Row],[Date]],tblHistory[Date],">="&tblHistory[[#This Row],[Date]]-365)-1)-Dashboard!$G$17)/(Dashboard!$H$17-Dashboard!$G$17))),0)) | O15: =IF(tblHistory[[#This Row],[Date]]-MIN(tblHistory[Date])<364,NA(),IF(ISNUMBER(tblHistory[[#This Row],[BIZD]]),MIN(1,MAX(0,((tblHistory[[#This Row],[BIZD]]/_xlfn.MAXIFS(tblHistory[BIZD],tblHistory[Date],"<="&tblHistory[[#This Row],[Date]],tblHistory[Date],">="&tblHistory[[#This Row],[Date]]-365)-1)-Dashboard!$G$18)/(Dashboard!$H$18-Dashboard!$G$18))),0)) | P15: =IF(tblHistory[[#This Row],[Date]]-MIN(tblHistory[Date])<364,NA(),IF(ISNUMBER(tblHistory[[#This Row],[BKLN]]),MIN(1,MAX(0,((tblHistory[[#This Row],[BKLN]]/_xlfn.MAXIFS(tblHistory[BKLN],tblHistory[Date],"<="&tblHistory[[#This Row],[Date]],tblHistory[Date],">="&tblHistory[[#This Row],[Date]]-365)-1)-Dashboard!$G$19)/(Dashboard!$H$19-Dashboard!$G$19))),0)) | Q15: =IF(tblHistory[[#This Row],[Date]]-MIN(tblHistory[Date])<364,NA(),MIN(1,MAX(0,(IF(ISNUMBER(tblHistory[[#This Row],[HY]]),tblHistory[[#This Row],[HY]],SUMIFS(tblHistory[HY],tblHistory[Date],_xlfn.MAXIFS(tblHistory[Date],tblHistory[Date],"<"&tblHistory[[#This Row],[Date]],tblHistory[HY],"<>")))-Dashboard!$G$20)/(Dashboard!$H$20-Dashboard!$G$20)))) | R15: =(Dashboard!$C$13*tblHistory[[#This Row],[NDX S]]+Dashboard!$C$14*tblHistory[[#This Row],[SOX S]]+Dashboard!$C$15*tblHistory[[#This Row],[AIQ S]])/SUM(Dashboard!$C$13:$C$15)*100 | S15: =(Dashboard!$C$16*tblHistory[[#This Row],[ORCL S]]+Dashboard!$C$17*tblHistory[[#This Row],[CRWV S]])/SUM(Dashboard!$C$16:$C$17)*100 | T15: =(Dashboard!$C$18*tblHistory[[#This Row],[BIZD S]]+Dashboard!$C$19*tblHistory[[#This Row],[BKLN S]]+Dashboard!$C$20*tblHistory[[#This Row],[HY S]])/SUM(Dashboard!$C$18:$C$20)*100 | U15: =ROUND((Dashboard!$C$13*tblHistory[[#This Row],[NDX S]]+Dashboard!$C$14*tblHistory[[#This Row],[SOX S]]+Dashboard!$C$15*tblHistory[[#This Row],[AIQ S]]+Dashboard!$C$16*tblHistory[[#This Row],[ORCL S]]+Dashboard!$C$17*tblHistory[[#This Row],[CRWV S]]+Dashboard!$C$18*tblHistory[[#This Row],[BIZD S]]+Dashboard!$C$19*tblHistory[[#This Row],[BKLN S]]+Dashboard!$C$20*tblHistory[[#This Row],[HY S]])/SUM(Dashboard!$C$13:$C$20)*100,0) | V15: =IFERROR(--(tblHistory[[#This Row],[Score]]>=50),0) | W15: =IFERROR(--AND(tblHistory[[#This Row],[Score]]>=60,tblHistory[[#This Row],[BIZD S]]>=0.8,tblHistory[[#This Row],[BKLN S]]>=0.5),0) | X15: =IFERROR(--AND(tblHistory[[#This Row],[Score]]>=70,tblHistory[[#This Row],[SOX S]]>=0.83,tblHistory[[#This Row],[AIQ S]]>=0.8),0) | Y15: =IFERROR(--AND(tblHistory[[#This Row],[Score]]>=75,tblHistory[[#This Row],[NDX S]]=1,OR(IF(ISNUMBER(tblHistory[[#This Row],[HY]]),tblHistory[[#This Row],[HY]],SUMIFS(tblHistory[HY],tblHistory[Date],_xlfn.MAXIFS(tblHistory[Date],tblHistory[Date],"<"&tblHistory[[#This Row],[Date]],tblHistory[HY],"<>")))>=500,tblHistory[[#This Row],[BIZD S]]=1)),0) | Z15: =IFERROR(--(COUNTIFS(tblHistory[Date],">="&tblHistory[[#This Row],[Date]],tblHistory[Date],"<="&_xlfn.AGGREGATE(15,6,tblHistory[Date]/(tblHistory[Date]>=tblHistory[[#This Row],[Date]]),5),tblHistory[L1],1)=5),0) | AA15: =IFERROR(--(COUNTIFS(tblHistory[Date],">="&tblHistory[[#This Row],[Date]],tblHistory[Date],"<="&_xlfn.AGGREGATE(15,6,tblHistory[Date]/(tblHistory[Date]>=tblHistory[[#This Row],[Date]]),5),tblHistory[L2],1)=5),0) | AB15: =IFERROR(--(COUNTIFS(tblHistory[Date],">="&tblHistory[[#This Row],[Date]],tblHistory[Date],"<="&_xlfn.AGGREGATE(15,6,tblHistory[Date]/(tblHistory[Date]>=tblHistory[[#This Row],[Date]]),5),tblHistory[L3],1)=5),0) | AC15: =IFERROR(--(COUNTIFS(tblHistory[Date],">="&tblHistory[[#This Row],[Date]],tblHistory[Date],"<="&_xlfn.AGGREGATE(15,6,tblHistory[Date]/(tblHistory[Date]>=tblHistory[[#This Row],[Date]]),5),tblHistory[L4],1)=5),0)
A16: 46294 | B16: 24795.33 | C16: 9285.19 | D16: 43.82 | E16: 239.53 | F16: 41.86 | G16: 16.72 | H16: 21.02 | I16: 375 | J16: =IF(tblHistory[[#This Row],[Date]]-MIN(tblHistory[Date])<364,NA(),IF(ISNUMBER(tblHistory[[#This Row],[NDX]]),MIN(1,MAX(0,((tblHistory[[#This Row],[NDX]]/_xlfn.MAXIFS(tblHistory[NDX],tblHistory[Date],"<="&tblHistory[[#This Row],[Date]],tblHistory[Date],">="&tblHistory[[#This Row],[Date]]-365)-1)-Dashboard!$G$13)/(Dashboard!$H$13-Dashboard!$G$13))),0)) | K16: =IF(tblHistory[[#This Row],[Date]]-MIN(tblHistory[Date])<364,NA(),IF(ISNUMBER(tblHistory[[#This Row],[SOX]]),MIN(1,MAX(0,((tblHistory[[#This Row],[SOX]]/_xlfn.MAXIFS(tblHistory[SOX],tblHistory[Date],"<="&tblHistory[[#This Row],[Date]],tblHistory[Date],">="&tblHistory[[#This Row],[Date]]-365)-1)-Dashboard!$G$14)/(Dashboard!$H$14-Dashboard!$G$14))),0)) | L16: =IF(tblHistory[[#This Row],[Date]]-MIN(tblHistory[Date])<364,NA(),IF(ISNUMBER(tblHistory[[#This Row],[AIQ]]),MIN(1,MAX(0,((tblHistory[[#This Row],[AIQ]]/_xlfn.MAXIFS(tblHistory[AIQ],tblHistory[Date],"<="&tblHistory[[#This Row],[Date]],tblHistory[Date],">="&tblHistory[[#This Row],[Date]]-365)-1)-Dashboard!$G$15)/(Dashboard!$H$15-Dashboard!$G$15))),0)) | M16: =IF(tblHistory[[#This Row],[Date]]-MIN(tblHistory[Date])<364,NA(),IF(ISNUMBER(tblHistory[[#This Row],[ORCL]]),MIN(1,MAX(0,((tblHistory[[#This Row],[ORCL]]/_xlfn.MAXIFS(tblHistory[ORCL],tblHistory[Date],"<="&tblHistory[[#This Row],[Date]],tblHistory[Date],">="&tblHistory[[#This Row],[Date]]-365)-1)-Dashboard!$G$16)/(Dashboard!$H$16-Dashboard!$G$16))),0)) | N16: =IF(tblHistory[[#This Row],[Date]]-MIN(tblHistory[Date])<364,NA(),IF(ISNUMBER(tblHistory[[#This Row],[CRWV]]),MIN(1,MAX(0,((tblHistory[[#This Row],[CRWV]]/_xlfn.MAXIFS(tblHistory[CRWV],tblHistory[Date],"<="&tblHistory[[#This Row],[Date]],tblHistory[Date],">="&tblHistory[[#This Row],[Date]]-365)-1)-Dashboard!$G$17)/(Dashboard!$H$17-Dashboard!$G$17))),0)) | O16: =IF(tblHistory[[#This Row],[Date]]-MIN(tblHistory[Date])<364,NA(),IF(ISNUMBER(tblHistory[[#This Row],[BIZD]]),MIN(1,MAX(0,((tblHistory[[#This Row],[BIZD]]/_xlfn.MAXIFS(tblHistory[BIZD],tblHistory[Date],"<="&tblHistory[[#This Row],[Date]],tblHistory[Date],">="&tblHistory[[#This Row],[Date]]-365)-1)-Dashboard!$G$18)/(Dashboard!$H$18-Dashboard!$G$18))),0)) | P16: =IF(tblHistory[[#This Row],[Date]]-MIN(tblHistory[Date])<364,NA(),IF(ISNUMBER(tblHistory[[#This Row],[BKLN]]),MIN(1,MAX(0,((tblHistory[[#This Row],[BKLN]]/_xlfn.MAXIFS(tblHistory[BKLN],tblHistory[Date],"<="&tblHistory[[#This Row],[Date]],tblHistory[Date],">="&tblHistory[[#This Row],[Date]]-365)-1)-Dashboard!$G$19)/(Dashboard!$H$19-Dashboard!$G$19))),0)) | Q16: =IF(tblHistory[[#This Row],[Date]]-MIN(tblHistory[Date])<364,NA(),MIN(1,MAX(0,(IF(ISNUMBER(tblHistory[[#This Row],[HY]]),tblHistory[[#This Row],[HY]],SUMIFS(tblHistory[HY],tblHistory[Date],_xlfn.MAXIFS(tblHistory[Date],tblHistory[Date],"<"&tblHistory[[#This Row],[Date]],tblHistory[HY],"<>")))-Dashboard!$G$20)/(Dashboard!$H$20-Dashboard!$G$20)))) | R16: =(Dashboard!$C$13*tblHistory[[#This Row],[NDX S]]+Dashboard!$C$14*tblHistory[[#This Row],[SOX S]]+Dashboard!$C$15*tblHistory[[#This Row],[AIQ S]])/SUM(Dashboard!$C$13:$C$15)*100 | S16: =(Dashboard!$C$16*tblHistory[[#This Row],[ORCL S]]+Dashboard!$C$17*tblHistory[[#This Row],[CRWV S]])/SUM(Dashboard!$C$16:$C$17)*100 | T16: =(Dashboard!$C$18*tblHistory[[#This Row],[BIZD S]]+Dashboard!$C$19*tblHistory[[#This Row],[BKLN S]]+Dashboard!$C$20*tblHistory[[#This Row],[HY S]])/SUM(Dashboard!$C$18:$C$20)*100 | U16: =ROUND((Dashboard!$C$13*tblHistory[[#This Row],[NDX S]]+Dashboard!$C$14*tblHistory[[#This Row],[SOX S]]+Dashboard!$C$15*tblHistory[[#This Row],[AIQ S]]+Dashboard!$C$16*tblHistory[[#This Row],[ORCL S]]+Dashboard!$C$17*tblHistory[[#This Row],[CRWV S]]+Dashboard!$C$18*tblHistory[[#This Row],[BIZD S]]+Dashboard!$C$19*tblHistory[[#This Row],[BKLN S]]+Dashboard!$C$20*tblHistory[[#This Row],[HY S]])/SUM(Dashboard!$C$13:$C$20)*100,0) | V16: =IFERROR(--(tblHistory[[#This Row],[Score]]>=50),0) | W16: =IFERROR(--AND(tblHistory[[#This Row],[Score]]>=60,tblHistory[[#This Row],[BIZD S]]>=0.8,tblHistory[[#This Row],[BKLN S]]>=0.5),0) | X16: =IFERROR(--AND(tblHistory[[#This Row],[Score]]>=70,tblHistory[[#This Row],[SOX S]]>=0.83,tblHistory[[#This Row],[AIQ S]]>=0.8),0) | Y16: =IFERROR(--AND(tblHistory[[#This Row],[Score]]>=75,tblHistory[[#This Row],[NDX S]]=1,OR(IF(ISNUMBER(tblHistory[[#This Row],[HY]]),tblHistory[[#This Row],[HY]],SUMIFS(tblHistory[HY],tblHistory[Date],_xlfn.MAXIFS(tblHistory[Date],tblHistory[Date],"<"&tblHistory[[#This Row],[Date]],tblHistory[HY],"<>")))>=500,tblHistory[[#This Row],[BIZD S]]=1)),0) | Z16: =IFERROR(--(COUNTIFS(tblHistory[Date],">="&tblHistory[[#This Row],[Date]],tblHistory[Date],"<="&_xlfn.AGGREGATE(15,6,tblHistory[Date]/(tblHistory[Date]>=tblHistory[[#This Row],[Date]]),5),tblHistory[L1],1)=5),0) | AA16: =IFERROR(--(COUNTIFS(tblHistory[Date],">="&tblHistory[[#This Row],[Date]],tblHistory[Date],"<="&_xlfn.AGGREGATE(15,6,tblHistory[Date]/(tblHistory[Date]>=tblHistory[[#This Row],[Date]]),5),tblHistory[L2],1)=5),0) | AB16: =IFERROR(--(COUNTIFS(tblHistory[Date],">="&tblHistory[[#This Row],[Date]],tblHistory[Date],"<="&_xlfn.AGGREGATE(15,6,tblHistory[Date]/(tblHistory[Date]>=tblHistory[[#This Row],[Date]]),5),tblHistory[L3],1)=5),0) | AC16: =IFERROR(--(COUNTIFS(tblHistory[Date],">="&tblHistory[[#This Row],[Date]],tblHistory[Date],"<="&_xlfn.AGGREGATE(15,6,tblHistory[Date]/(tblHistory[Date]>=tblHistory[[#This Row],[Date]]),5),tblHistory[L4],1)=5),0)
A17: 46293 | B17: 25208.82 | C17: 9690.34 | D17: 44.61 | E17: 247.4 | F17: 43.12 | G17: 16.78 | H17: 20.97 | I17: 377 | J17: =IF(tblHistory[[#This Row],[Date]]-MIN(tblHistory[Date])<364,NA(),IF(ISNUMBER(tblHistory[[#This Row],[NDX]]),MIN(1,MAX(0,((tblHistory[[#This Row],[NDX]]/_xlfn.MAXIFS(tblHistory[NDX],tblHistory[Date],"<="&tblHistory[[#This Row],[Date]],tblHistory[Date],">="&tblHistory[[#This Row],[Date]]-365)-1)-Dashboard!$G$13)/(Dashboard!$H$13-Dashboard!$G$13))),0)) | K17: =IF(tblHistory[[#This Row],[Date]]-MIN(tblHistory[Date])<364,NA(),IF(ISNUMBER(tblHistory[[#This Row],[SOX]]),MIN(1,MAX(0,((tblHistory[[#This Row],[SOX]]/_xlfn.MAXIFS(tblHistory[SOX],tblHistory[Date],"<="&tblHistory[[#This Row],[Date]],tblHistory[Date],">="&tblHistory[[#This Row],[Date]]-365)-1)-Dashboard!$G$14)/(Dashboard!$H$14-Dashboard!$G$14))),0)) | L17: =IF(tblHistory[[#This Row],[Date]]-MIN(tblHistory[Date])<364,NA(),IF(ISNUMBER(tblHistory[[#This Row],[AIQ]]),MIN(1,MAX(0,((tblHistory[[#This Row],[AIQ]]/_xlfn.MAXIFS(tblHistory[AIQ],tblHistory[Date],"<="&tblHistory[[#This Row],[Date]],tblHistory[Date],">="&tblHistory[[#This Row],[Date]]-365)-1)-Dashboard!$G$15)/(Dashboard!$H$15-Dashboard!$G$15))),0)) | M17: =IF(tblHistory[[#This Row],[Date]]-MIN(tblHistory[Date])<364,NA(),IF(ISNUMBER(tblHistory[[#This Row],[ORCL]]),MIN(1,MAX(0,((tblHistory[[#This Row],[ORCL]]/_xlfn.MAXIFS(tblHistory[ORCL],tblHistory[Date],"<="&tblHistory[[#This Row],[Date]],tblHistory[Date],">="&tblHistory[[#This Row],[Date]]-365)-1)-Dashboard!$G$16)/(Dashboard!$H$16-Dashboard!$G$16))),0)) | N17: =IF(tblHistory[[#This Row],[Date]]-MIN(tblHistory[Date])<364,NA(),IF(ISNUMBER(tblHistory[[#This Row],[CRWV]]),MIN(1,MAX(0,((tblHistory[[#This Row],[CRWV]]/_xlfn.MAXIFS(tblHistory[CRWV],tblHistory[Date],"<="&tblHistory[[#This Row],[Date]],tblHistory[Date],">="&tblHistory[[#This Row],[Date]]-365)-1)-Dashboard!$G$17)/(Dashboard!$H$17-Dashboard!$G$17))),0)) | O17: =IF(tblHistory[[#This Row],[Date]]-MIN(tblHistory[Date])<364,NA(),IF(ISNUMBER(tblHistory[[#This Row],[BIZD]]),MIN(1,MAX(0,((tblHistory[[#This Row],[BIZD]]/_xlfn.MAXIFS(tblHistory[BIZD],tblHistory[Date],"<="&tblHistory[[#This Row],[Date]],tblHistory[Date],">="&tblHistory[[#This Row],[Date]]-365)-1)-Dashboard!$G$18)/(Dashboard!$H$18-Dashboard!$G$18))),0)) | P17: =IF(tblHistory[[#This Row],[Date]]-MIN(tblHistory[Date])<364,NA(),IF(ISNUMBER(tblHistory[[#This Row],[BKLN]]),MIN(1,MAX(0,((tblHistory[[#This Row],[BKLN]]/_xlfn.MAXIFS(tblHistory[BKLN],tblHistory[Date],"<="&tblHistory[[#This Row],[Date]],tblHistory[Date],">="&tblHistory[[#This Row],[Date]]-365)-1)-Dashboard!$G$19)/(Dashboard!$H$19-Dashboard!$G$19))),0)) | Q17: =IF(tblHistory[[#This Row],[Date]]-MIN(tblHistory[Date])<364,NA(),MIN(1,MAX(0,(IF(ISNUMBER(tblHistory[[#This Row],[HY]]),tblHistory[[#This Row],[HY]],SUMIFS(tblHistory[HY],tblHistory[Date],_xlfn.MAXIFS(tblHistory[Date],tblHistory[Date],"<"&tblHistory[[#This Row],[Date]],tblHistory[HY],"<>")))-Dashboard!$G$20)/(Dashboard!$H$20-Dashboard!$G$20)))) | R17: =(Dashboard!$C$13*tblHistory[[#This Row],[NDX S]]+Dashboard!$C$14*tblHistory[[#This Row],[SOX S]]+Dashboard!$C$15*tblHistory[[#This Row],[AIQ S]])/SUM(Dashboard!$C$13:$C$15)*100 | S17: =(Dashboard!$C$16*tblHistory[[#This Row],[ORCL S]]+Dashboard!$C$17*tblHistory[[#This Row],[CRWV S]])/SUM(Dashboard!$C$16:$C$17)*100 | T17: =(Dashboard!$C$18*tblHistory[[#This Row],[BIZD S]]+Dashboard!$C$19*tblHistory[[#This Row],[BKLN S]]+Dashboard!$C$20*tblHistory[[#This Row],[HY S]])/SUM(Dashboard!$C$18:$C$20)*100 | U17: =ROUND((Dashboard!$C$13*tblHistory[[#This Row],[NDX S]]+Dashboard!$C$14*tblHistory[[#This Row],[SOX S]]+Dashboard!$C$15*tblHistory[[#This Row],[AIQ S]]+Dashboard!$C$16*tblHistory[[#This Row],[ORCL S]]+Dashboard!$C$17*tblHistory[[#This Row],[CRWV S]]+Dashboard!$C$18*tblHistory[[#This Row],[BIZD S]]+Dashboard!$C$19*tblHistory[[#This Row],[BKLN S]]+Dashboard!$C$20*tblHistory[[#This Row],[HY S]])/SUM(Dashboard!$C$13:$C$20)*100,0) | V17: =IFERROR(--(tblHistory[[#This Row],[Score]]>=50),0) | W17: =IFERROR(--AND(tblHistory[[#This Row],[Score]]>=60,tblHistory[[#This Row],[BIZD S]]>=0.8,tblHistory[[#This Row],[BKLN S]]>=0.5),0) | X17: =IFERROR(--AND(tblHistory[[#This Row],[Score]]>=70,tblHistory[[#This Row],[SOX S]]>=0.83,tblHistory[[#This Row],[AIQ S]]>=0.8),0) | Y17: =IFERROR(--AND(tblHistory[[#This Row],[Score]]>=75,tblHistory[[#This Row],[NDX S]]=1,OR(IF(ISNUMBER(tblHistory[[#This Row],[HY]]),tblHistory[[#This Row],[HY]],SUMIFS(tblHistory[HY],tblHistory[Date],_xlfn.MAXIFS(tblHistory[Date],tblHistory[Date],"<"&tblHistory[[#This Row],[Date]],tblHistory[HY],"<>")))>=500,tblHistory[[#This Row],[BIZD S]]=1)),0) | Z17: =IFERROR(--(COUNTIFS(tblHistory[Date],">="&tblHistory[[#This Row],[Date]],tblHistory[Date],"<="&_xlfn.AGGREGATE(15,6,tblHistory[Date]/(tblHistory[Date]>=tblHistory[[#This Row],[Date]]),5),tblHistory[L1],1)=5),0) | AA17: =IFERROR(--(COUNTIFS(tblHistory[Date],">="&tblHistory[[#This Row],[Date]],tblHistory[Date],"<="&_xlfn.AGGREGATE(15,6,tblHistory[Date]/(tblHistory[Date]>=tblHistory[[#This Row],[Date]]),5),tblHistory[L2],1)=5),0) | AB17: =IFERROR(--(COUNTIFS(tblHistory[Date],">="&tblHistory[[#This Row],[Date]],tblHistory[Date],"<="&_xlfn.AGGREGATE(15,6,tblHistory[Date]/(tblHistory[Date]>=tblHistory[[#This Row],[Date]]),5),tblHistory[L3],1)=5),0) | AC17: =IFERROR(--(COUNTIFS(tblHistory[Date],">="&tblHistory[[#This Row],[Date]],tblHistory[Date],"<="&_xlfn.AGGREGATE(15,6,tblHistory[Date]/(tblHistory[Date]>=tblHistory[[#This Row],[Date]]),5),tblHistory[L4],1)=5),0)
A18: 46290 | B18: 25515.2 | C18: 9920.51 | D18: 45.24 | E18: 249.45 | F18: 46.77 | G18: 16.79 | H18: 20.91 | I18: 372 | J18: =IF(tblHistory[[#This Row],[Date]]-MIN(tblHistory[Date])<364,NA(),IF(ISNUMBER(tblHistory[[#This Row],[NDX]]),MIN(1,MAX(0,((tblHistory[[#This Row],[NDX]]/_xlfn.MAXIFS(tblHistory[NDX],tblHistory[Date],"<="&tblHistory[[#This Row],[Date]],tblHistory[Date],">="&tblHistory[[#This Row],[Date]]-365)-1)-Dashboard!$G$13)/(Dashboard!$H$13-Dashboard!$G$13))),0)) | K18: =IF(tblHistory[[#This Row],[Date]]-MIN(tblHistory[Date])<364,NA(),IF(ISNUMBER(tblHistory[[#This Row],[SOX]]),MIN(1,MAX(0,((tblHistory[[#This Row],[SOX]]/_xlfn.MAXIFS(tblHistory[SOX],tblHistory[Date],"<="&tblHistory[[#This Row],[Date]],tblHistory[Date],">="&tblHistory[[#This Row],[Date]]-365)-1)-Dashboard!$G$14)/(Dashboard!$H$14-Dashboard!$G$14))),0)) | L18: =IF(tblHistory[[#This Row],[Date]]-MIN(tblHistory[Date])<364,NA(),IF(ISNUMBER(tblHistory[[#This Row],[AIQ]]),MIN(1,MAX(0,((tblHistory[[#This Row],[AIQ]]/_xlfn.MAXIFS(tblHistory[AIQ],tblHistory[Date],"<="&tblHistory[[#This Row],[Date]],tblHistory[Date],">="&tblHistory[[#This Row],[Date]]-365)-1)-Dashboard!$G$15)/(Dashboard!$H$15-Dashboard!$G$15))),0)) | M18: =IF(tblHistory[[#This Row],[Date]]-MIN(tblHistory[Date])<364,NA(),IF(ISNUMBER(tblHistory[[#This Row],[ORCL]]),MIN(1,MAX(0,((tblHistory[[#This Row],[ORCL]]/_xlfn.MAXIFS(tblHistory[ORCL],tblHistory[Date],"<="&tblHistory[[#This Row],[Date]],tblHistory[Date],">="&tblHistory[[#This Row],[Date]]-365)-1)-Dashboard!$G$16)/(Dashboard!$H$16-Dashboard!$G$16))),0)) | N18: =IF(tblHistory[[#This Row],[Date]]-MIN(tblHistory[Date])<364,NA(),IF(ISNUMBER(tblHistory[[#This Row],[CRWV]]),MIN(1,MAX(0,((tblHistory[[#This Row],[CRWV]]/_xlfn.MAXIFS(tblHistory[CRWV],tblHistory[Date],"<="&tblHistory[[#This Row],[Date]],tblHistory[Date],">="&tblHistory[[#This Row],[Date]]-365)-1)-Dashboard!$G$17)/(Dashboard!$H$17-Dashboard!$G$17))),0)) | O18: =IF(tblHistory[[#This Row],[Date]]-MIN(tblHistory[Date])<364,NA(),IF(ISNUMBER(tblHistory[[#This Row],[BIZD]]),MIN(1,MAX(0,((tblHistory[[#This Row],[BIZD]]/_xlfn.MAXIFS(tblHistory[BIZD],tblHistory[Date],"<="&tblHistory[[#This Row],[Date]],tblHistory[Date],">="&tblHistory[[#This Row],[Date]]-365)-1)-Dashboard!$G$18)/(Dashboard!$H$18-Dashboard!$G$18))),0)) | P18: =IF(tblHistory[[#This Row],[Date]]-MIN(tblHistory[Date])<364,NA(),IF(ISNUMBER(tblHistory[[#This Row],[BKLN]]),MIN(1,MAX(0,((tblHistory[[#This Row],[BKLN]]/_xlfn.MAXIFS(tblHistory[BKLN],tblHistory[Date],"<="&tblHistory[[#This Row],[Date]],tblHistory[Date],">="&tblHistory[[#This Row],[Date]]-365)-1)-Dashboard!$G$19)/(Dashboard!$H$19-Dashboard!$G$19))),0)) | Q18: =IF(tblHistory[[#This Row],[Date]]-MIN(tblHistory[Date])<364,NA(),MIN(1,MAX(0,(IF(ISNUMBER(tblHistory[[#This Row],[HY]]),tblHistory[[#This Row],[HY]],SUMIFS(tblHistory[HY],tblHistory[Date],_xlfn.MAXIFS(tblHistory[Date],tblHistory[Date],"<"&tblHistory[[#This Row],[Date]],tblHistory[HY],"<>")))-Dashboard!$G$20)/(Dashboard!$H$20-Dashboard!$G$20)))) | R18: =(Dashboard!$C$13*tblHistory[[#This Row],[NDX S]]+Dashboard!$C$14*tblHistory[[#This Row],[SOX S]]+Dashboard!$C$15*tblHistory[[#This Row],[AIQ S]])/SUM(Dashboard!$C$13:$C$15)*100 | S18: =(Dashboard!$C$16*tblHistory[[#This Row],[ORCL S]]+Dashboard!$C$17*tblHistory[[#This Row],[CRWV S]])/SUM(Dashboard!$C$16:$C$17)*100 | T18: =(Dashboard!$C$18*tblHistory[[#This Row],[BIZD S]]+Dashboard!$C$19*tblHistory[[#This Row],[BKLN S]]+Dashboard!$C$20*tblHistory[[#This Row],[HY S]])/SUM(Dashboard!$C$18:$C$20)*100 | U18: =ROUND((Dashboard!$C$13*tblHistory[[#This Row],[NDX S]]+Dashboard!$C$14*tblHistory[[#This Row],[SOX S]]+Dashboard!$C$15*tblHistory[[#This Row],[AIQ S]]+Dashboard!$C$16*tblHistory[[#This Row],[ORCL S]]+Dashboard!$C$17*tblHistory[[#This Row],[CRWV S]]+Dashboard!$C$18*tblHistory[[#This Row],[BIZD S]]+Dashboard!$C$19*tblHistory[[#This Row],[BKLN S]]+Dashboard!$C$20*tblHistory[[#This Row],[HY S]])/SUM(Dashboard!$C$13:$C$20)*100,0) | V18: =IFERROR(--(tblHistory[[#This Row],[Score]]>=50),0) | W18: =IFERROR(--AND(tblHistory[[#This Row],[Score]]>=60,tblHistory[[#This Row],[BIZD S]]>=0.8,tblHistory[[#This Row],[BKLN S]]>=0.5),0) | X18: =IFERROR(--AND(tblHistory[[#This Row],[Score]]>=70,tblHistory[[#This Row],[SOX S]]>=0.83,tblHistory[[#This Row],[AIQ S]]>=0.8),0) | Y18: =IFERROR(--AND(tblHistory[[#This Row],[Score]]>=75,tblHistory[[#This Row],[NDX S]]=1,OR(IF(ISNUMBER(tblHistory[[#This Row],[HY]]),tblHistory[[#This Row],[HY]],SUMIFS(tblHistory[HY],tblHistory[Date],_xlfn.MAXIFS(tblHistory[Date],tblHistory[Date],"<"&tblHistory[[#This Row],[Date]],tblHistory[HY],"<>")))>=500,tblHistory[[#This Row],[BIZD S]]=1)),0) | Z18: =IFERROR(--(COUNTIFS(tblHistory[Date],">="&tblHistory[[#This Row],[Date]],tblHistory[Date],"<="&_xlfn.AGGREGATE(15,6,tblHistory[Date]/(tblHistory[Date]>=tblHistory[[#This Row],[Date]]),5),tblHistory[L1],1)=5),0) | AA18: =IFERROR(--(COUNTIFS(tblHistory[Date],">="&tblHistory[[#This Row],[Date]],tblHistory[Date],"<="&_xlfn.AGGREGATE(15,6,tblHistory[Date]/(tblHistory[Date]>=tblHistory[[#This Row],[Date]]),5),tblHistory[L2],1)=5),0) | AB18: =IFERROR(--(COUNTIFS(tblHistory[Date],">="&tblHistory[[#This Row],[Date]],tblHistory[Date],"<="&_xlfn.AGGREGATE(15,6,tblHistory[Date]/(tblHistory[Date]>=tblHistory[[#This Row],[Date]]),5),tblHistory[L3],1)=5),0) | AC18: =IFERROR(--(COUNTIFS(tblHistory[Date],">="&tblHistory[[#This Row],[Date]],tblHistory[Date],"<="&_xlfn.AGGREGATE(15,6,tblHistory[Date]/(tblHistory[Date]>=tblHistory[[#This Row],[Date]]),5),tblHistory[L4],1)=5),0)
A19: 46289 | B19: 25711.74 | C19: 9611.64 | D19: 44.75 | E19: 260.29 | F19: 45.87 | G19: 17.01 | H19: 20.99 | I19: 370 | J19: =IF(tblHistory[[#This Row],[Date]]-MIN(tblHistory[Date])<364,NA(),IF(ISNUMBER(tblHistory[[#This Row],[NDX]]),MIN(1,MAX(0,((tblHistory[[#This Row],[NDX]]/_xlfn.MAXIFS(tblHistory[NDX],tblHistory[Date],"<="&tblHistory[[#This Row],[Date]],tblHistory[Date],">="&tblHistory[[#This Row],[Date]]-365)-1)-Dashboard!$G$13)/(Dashboard!$H$13-Dashboard!$G$13))),0)) | K19: =IF(tblHistory[[#This Row],[Date]]-MIN(tblHistory[Date])<364,NA(),IF(ISNUMBER(tblHistory[[#This Row],[SOX]]),MIN(1,MAX(0,((tblHistory[[#This Row],[SOX]]/_xlfn.MAXIFS(tblHistory[SOX],tblHistory[Date],"<="&tblHistory[[#This Row],[Date]],tblHistory[Date],">="&tblHistory[[#This Row],[Date]]-365)-1)-Dashboard!$G$14)/(Dashboard!$H$14-Dashboard!$G$14))),0)) | L19: =IF(tblHistory[[#This Row],[Date]]-MIN(tblHistory[Date])<364,NA(),IF(ISNUMBER(tblHistory[[#This Row],[AIQ]]),MIN(1,MAX(0,((tblHistory[[#This Row],[AIQ]]/_xlfn.MAXIFS(tblHistory[AIQ],tblHistory[Date],"<="&tblHistory[[#This Row],[Date]],tblHistory[Date],">="&tblHistory[[#This Row],[Date]]-365)-1)-Dashboard!$G$15)/(Dashboard!$H$15-Dashboard!$G$15))),0)) | M19: =IF(tblHistory[[#This Row],[Date]]-MIN(tblHistory[Date])<364,NA(),IF(ISNUMBER(tblHistory[[#This Row],[ORCL]]),MIN(1,MAX(0,((tblHistory[[#This Row],[ORCL]]/_xlfn.MAXIFS(tblHistory[ORCL],tblHistory[Date],"<="&tblHistory[[#This Row],[Date]],tblHistory[Date],">="&tblHistory[[#This Row],[Date]]-365)-1)-Dashboard!$G$16)/(Dashboard!$H$16-Dashboard!$G$16))),0)) | N19: =IF(tblHistory[[#This Row],[Date]]-MIN(tblHistory[Date])<364,NA(),IF(ISNUMBER(tblHistory[[#This Row],[CRWV]]),MIN(1,MAX(0,((tblHistory[[#This Row],[CRWV]]/_xlfn.MAXIFS(tblHistory[CRWV],tblHistory[Date],"<="&tblHistory[[#This Row],[Date]],tblHistory[Date],">="&tblHistory[[#This Row],[Date]]-365)-1)-Dashboard!$G$17)/(Dashboard!$H$17-Dashboard!$G$17))),0)) | O19: =IF(tblHistory[[#This Row],[Date]]-MIN(tblHistory[Date])<364,NA(),IF(ISNUMBER(tblHistory[[#This Row],[BIZD]]),MIN(1,MAX(0,((tblHistory[[#This Row],[BIZD]]/_xlfn.MAXIFS(tblHistory[BIZD],tblHistory[Date],"<="&tblHistory[[#This Row],[Date]],tblHistory[Date],">="&tblHistory[[#This Row],[Date]]-365)-1)-Dashboard!$G$18)/(Dashboard!$H$18-Dashboard!$G$18))),0)) | P19: =IF(tblHistory[[#This Row],[Date]]-MIN(tblHistory[Date])<364,NA(),IF(ISNUMBER(tblHistory[[#This Row],[BKLN]]),MIN(1,MAX(0,((tblHistory[[#This Row],[BKLN]]/_xlfn.MAXIFS(tblHistory[BKLN],tblHistory[Date],"<="&tblHistory[[#This Row],[Date]],tblHistory[Date],">="&tblHistory[[#This Row],[Date]]-365)-1)-Dashboard!$G$19)/(Dashboard!$H$19-Dashboard!$G$19))),0)) | Q19: =IF(tblHistory[[#This Row],[Date]]-MIN(tblHistory[Date])<364,NA(),MIN(1,MAX(0,(IF(ISNUMBER(tblHistory[[#This Row],[HY]]),tblHistory[[#This Row],[HY]],SUMIFS(tblHistory[HY],tblHistory[Date],_xlfn.MAXIFS(tblHistory[Date],tblHistory[Date],"<"&tblHistory[[#This Row],[Date]],tblHistory[HY],"<>")))-Dashboard!$G$20)/(Dashboard!$H$20-Dashboard!$G$20)))) | R19: =(Dashboard!$C$13*tblHistory[[#This Row],[NDX S]]+Dashboard!$C$14*tblHistory[[#This Row],[SOX S]]+Dashboard!$C$15*tblHistory[[#This Row],[AIQ S]])/SUM(Dashboard!$C$13:$C$15)*100 | S19: =(Dashboard!$C$16*tblHistory[[#This Row],[ORCL S]]+Dashboard!$C$17*tblHistory[[#This Row],[CRWV S]])/SUM(Dashboard!$C$16:$C$17)*100 | T19: =(Dashboard!$C$18*tblHistory[[#This Row],[BIZD S]]+Dashboard!$C$19*tblHistory[[#This Row],[BKLN S]]+Dashboard!$C$20*tblHistory[[#This Row],[HY S]])/SUM(Dashboard!$C$18:$C$20)*100 | U19: =ROUND((Dashboard!$C$13*tblHistory[[#This Row],[NDX S]]+Dashboard!$C$14*tblHistory[[#This Row],[SOX S]]+Dashboard!$C$15*tblHistory[[#This Row],[AIQ S]]+Dashboard!$C$16*tblHistory[[#This Row],[ORCL S]]+Dashboard!$C$17*tblHistory[[#This Row],[CRWV S]]+Dashboard!$C$18*tblHistory[[#This Row],[BIZD S]]+Dashboard!$C$19*tblHistory[[#This Row],[BKLN S]]+Dashboard!$C$20*tblHistory[[#This Row],[HY S]])/SUM(Dashboard!$C$13:$C$20)*100,0) | V19: =IFERROR(--(tblHistory[[#This Row],[Score]]>=50),0) | W19: =IFERROR(--AND(tblHistory[[#This Row],[Score]]>=60,tblHistory[[#This Row],[BIZD S]]>=0.8,tblHistory[[#This Row],[BKLN S]]>=0.5),0) | X19: =IFERROR(--AND(tblHistory[[#This Row],[Score]]>=70,tblHistory[[#This Row],[SOX S]]>=0.83,tblHistory[[#This Row],[AIQ S]]>=0.8),0) | Y19: =IFERROR(--AND(tblHistory[[#This Row],[Score]]>=75,tblHistory[[#This Row],[NDX S]]=1,OR(IF(ISNUMBER(tblHistory[[#This Row],[HY]]),tblHistory[[#This Row],[HY]],SUMIFS(tblHistory[HY],tblHistory[Date],_xlfn.MAXIFS(tblHistory[Date],tblHistory[Date],"<"&tblHistory[[#This Row],[Date]],tblHistory[HY],"<>")))>=500,tblHistory[[#This Row],[BIZD S]]=1)),0) | Z19: =IFERROR(--(COUNTIFS(tblHistory[Date],">="&tblHistory[[#This Row],[Date]],tblHistory[Date],"<="&_xlfn.AGGREGATE(15,6,tblHistory[Date]/(tblHistory[Date]>=tblHistory[[#This Row],[Date]]),5),tblHistory[L1],1)=5),0) | AA19: =IFERROR(--(COUNTIFS(tblHistory[Date],">="&tblHistory[[#This Row],[Date]],tblHistory[Date],"<="&_xlfn.AGGREGATE(15,6,tblHistory[Date]/(tblHistory[Date]>=tblHistory[[#This Row],[Date]]),5),tblHistory[L2],1)=5),0) | AB19: =IFERROR(--(COUNTIFS(tblHistory[Date],">="&tblHistory[[#This Row],[Date]],tblHistory[Date],"<="&_xlfn.AGGREGATE(15,6,tblHistory[Date]/(tblHistory[Date]>=tblHistory[[#This Row],[Date]]),5),tblHistory[L3],1)=5),0) | AC19: =IFERROR(--(COUNTIFS(tblHistory[Date],">="&tblHistory[[#This Row],[Date]],tblHistory[Date],"<="&_xlfn.AGGREGATE(15,6,tblHistory[Date]/(tblHistory[Date]>=tblHistory[[#This Row],[Date]]),5),tblHistory[L4],1)=5),0)
A20: 46288 | B20: 26216.69 | C20: 9445.89 | D20: 45.82 | E20: 263.43 | F20: 43.52 | G20: 16.94 | H20: 21.03 | I20: 375 | J20: =IF(tblHistory[[#This Row],[Date]]-MIN(tblHistory[Date])<364,NA(),IF(ISNUMBER(tblHistory[[#This Row],[NDX]]),MIN(1,MAX(0,((tblHistory[[#This Row],[NDX]]/_xlfn.MAXIFS(tblHistory[NDX],tblHistory[Date],"<="&tblHistory[[#This Row],[Date]],tblHistory[Date],">="&tblHistory[[#This Row],[Date]]-365)-1)-Dashboard!$G$13)/(Dashboard!$H$13-Dashboard!$G$13))),0)) | K20: =IF(tblHistory[[#This Row],[Date]]-MIN(tblHistory[Date])<364,NA(),IF(ISNUMBER(tblHistory[[#This Row],[SOX]]),MIN(1,MAX(0,((tblHistory[[#This Row],[SOX]]/_xlfn.MAXIFS(tblHistory[SOX],tblHistory[Date],"<="&tblHistory[[#This Row],[Date]],tblHistory[Date],">="&tblHistory[[#This Row],[Date]]-365)-1)-Dashboard!$G$14)/(Dashboard!$H$14-Dashboard!$G$14))),0)) | L20: =IF(tblHistory[[#This Row],[Date]]-MIN(tblHistory[Date])<364,NA(),IF(ISNUMBER(tblHistory[[#This Row],[AIQ]]),MIN(1,MAX(0,((tblHistory[[#This Row],[AIQ]]/_xlfn.MAXIFS(tblHistory[AIQ],tblHistory[Date],"<="&tblHistory[[#This Row],[Date]],tblHistory[Date],">="&tblHistory[[#This Row],[Date]]-365)-1)-Dashboard!$G$15)/(Dashboard!$H$15-Dashboard!$G$15))),0)) | M20: =IF(tblHistory[[#This Row],[Date]]-MIN(tblHistory[Date])<364,NA(),IF(ISNUMBER(tblHistory[[#This Row],[ORCL]]),MIN(1,MAX(0,((tblHistory[[#This Row],[ORCL]]/_xlfn.MAXIFS(tblHistory[ORCL],tblHistory[Date],"<="&tblHistory[[#This Row],[Date]],tblHistory[Date],">="&tblHistory[[#This Row],[Date]]-365)-1)-Dashboard!$G$16)/(Dashboard!$H$16-Dashboard!$G$16))),0)) | N20: =IF(tblHistory[[#This Row],[Date]]-MIN(tblHistory[Date])<364,NA(),IF(ISNUMBER(tblHistory[[#This Row],[CRWV]]),MIN(1,MAX(0,((tblHistory[[#This Row],[CRWV]]/_xlfn.MAXIFS(tblHistory[CRWV],tblHistory[Date],"<="&tblHistory[[#This Row],[Date]],tblHistory[Date],">="&tblHistory[[#This Row],[Date]]-365)-1)-Dashboard!$G$17)/(Dashboard!$H$17-Dashboard!$G$17))),0)) | O20: =IF(tblHistory[[#This Row],[Date]]-MIN(tblHistory[Date])<364,NA(),IF(ISNUMBER(tblHistory[[#This Row],[BIZD]]),MIN(1,MAX(0,((tblHistory[[#This Row],[BIZD]]/_xlfn.MAXIFS(tblHistory[BIZD],tblHistory[Date],"<="&tblHistory[[#This Row],[Date]],tblHistory[Date],">="&tblHistory[[#This Row],[Date]]-365)-1)-Dashboard!$G$18)/(Dashboard!$H$18-Dashboard!$G$18))),0)) | P20: =IF(tblHistory[[#This Row],[Date]]-MIN(tblHistory[Date])<364,NA(),IF(ISNUMBER(tblHistory[[#This Row],[BKLN]]),MIN(1,MAX(0,((tblHistory[[#This Row],[BKLN]]/_xlfn.MAXIFS(tblHistory[BKLN],tblHistory[Date],"<="&tblHistory[[#This Row],[Date]],tblHistory[Date],">="&tblHistory[[#This Row],[Date]]-365)-1)-Dashboard!$G$19)/(Dashboard!$H$19-Dashboard!$G$19))),0)) | Q20: =IF(tblHistory[[#This Row],[Date]]-MIN(tblHistory[Date])<364,NA(),MIN(1,MAX(0,(IF(ISNUMBER(tblHistory[[#This Row],[HY]]),tblHistory[[#This Row],[HY]],SUMIFS(tblHistory[HY],tblHistory[Date],_xlfn.MAXIFS(tblHistory[Date],tblHistory[Date],"<"&tblHistory[[#This Row],[Date]],tblHistory[HY],"<>")))-Dashboard!$G$20)/(Dashboard!$H$20-Dashboard!$G$20)))) | R20: =(Dashboard!$C$13*tblHistory[[#This Row],[NDX S]]+Dashboard!$C$14*tblHistory[[#This Row],[SOX S]]+Dashboard!$C$15*tblHistory[[#This Row],[AIQ S]])/SUM(Dashboard!$C$13:$C$15)*100 | S20: =(Dashboard!$C$16*tblHistory[[#This Row],[ORCL S]]+Dashboard!$C$17*tblHistory[[#This Row],[CRWV S]])/SUM(Dashboard!$C$16:$C$17)*100 | T20: =(Dashboard!$C$18*tblHistory[[#This Row],[BIZD S]]+Dashboard!$C$19*tblHistory[[#This Row],[BKLN S]]+Dashboard!$C$20*tblHistory[[#This Row],[HY S]])/SUM(Dashboard!$C$18:$C$20)*100 | U20: =ROUND((Dashboard!$C$13*tblHistory[[#This Row],[NDX S]]+Dashboard!$C$14*tblHistory[[#This Row],[SOX S]]+Dashboard!$C$15*tblHistory[[#This Row],[AIQ S]]+Dashboard!$C$16*tblHistory[[#This Row],[ORCL S]]+Dashboard!$C$17*tblHistory[[#This Row],[CRWV S]]+Dashboard!$C$18*tblHistory[[#This Row],[BIZD S]]+Dashboard!$C$19*tblHistory[[#This Row],[BKLN S]]+Dashboard!$C$20*tblHistory[[#This Row],[HY S]])/SUM(Dashboard!$C$13:$C$20)*100,0) | V20: =IFERROR(--(tblHistory[[#This Row],[Score]]>=50),0) | W20: =IFERROR(--AND(tblHistory[[#This Row],[Score]]>=60,tblHistory[[#This Row],[BIZD S]]>=0.8,tblHistory[[#This Row],[BKLN S]]>=0.5),0) | X20: =IFERROR(--AND(tblHistory[[#This Row],[Score]]>=70,tblHistory[[#This Row],[SOX S]]>=0.83,tblHistory[[#This Row],[AIQ S]]>=0.8),0) | Y20: =IFERROR(--AND(tblHistory[[#This Row],[Score]]>=75,tblHistory[[#This Row],[NDX S]]=1,OR(IF(ISNUMBER(tblHistory[[#This Row],[HY]]),tblHistory[[#This Row],[HY]],SUMIFS(tblHistory[HY],tblHistory[Date],_xlfn.MAXIFS(tblHistory[Date],tblHistory[Date],"<"&tblHistory[[#This Row],[Date]],tblHistory[HY],"<>")))>=500,tblHistory[[#This Row],[BIZD S]]=1)),0) | Z20: =IFERROR(--(COUNTIFS(tblHistory[Date],">="&tblHistory[[#This Row],[Date]],tblHistory[Date],"<="&_xlfn.AGGREGATE(15,6,tblHistory[Date]/(tblHistory[Date]>=tblHistory[[#This Row],[Date]]),5),tblHistory[L1],1)=5),0) | AA20: =IFERROR(--(COUNTIFS(tblHistory[Date],">="&tblHistory[[#This Row],[Date]],tblHistory[Date],"<="&_xlfn.AGGREGATE(15,6,tblHistory[Date]/(tblHistory[Date]>=tblHistory[[#This Row],[Date]]),5),tblHistory[L2],1)=5),0) | AB20: =IFERROR(--(COUNTIFS(tblHistory[Date],">="&tblHistory[[#This Row],[Date]],tblHistory[Date],"<="&_xlfn.AGGREGATE(15,6,tblHistory[Date]/(tblHistory[Date]>=tblHistory[[#This Row],[Date]]),5),tblHistory[L3],1)=5),0) | AC20: =IFERROR(--(COUNTIFS(tblHistory[Date],">="&tblHistory[[#This Row],[Date]],tblHistory[Date],"<="&_xlfn.AGGREGATE(15,6,tblHistory[Date]/(tblHistory[Date]>=tblHistory[[#This Row],[Date]]),5),tblHistory[L4],1)=5),0)
A21: 46287 | B21: 26529.65 | C21: 9478.52 | D21: 46.6 | E21: 271.83 | F21: 42.56 | G21: 16.93 | H21: 21.01 | I21: 377 | J21: =IF(tblHistory[[#This Row],[Date]]-MIN(tblHistory[Date])<364,NA(),IF(ISNUMBER(tblHistory[[#This Row],[NDX]]),MIN(1,MAX(0,((tblHistory[[#This Row],[NDX]]/_xlfn.MAXIFS(tblHistory[NDX],tblHistory[Date],"<="&tblHistory[[#This Row],[Date]],tblHistory[Date],">="&tblHistory[[#This Row],[Date]]-365)-1)-Dashboard!$G$13)/(Dashboard!$H$13-Dashboard!$G$13))),0)) | K21: =IF(tblHistory[[#This Row],[Date]]-MIN(tblHistory[Date])<364,NA(),IF(ISNUMBER(tblHistory[[#This Row],[SOX]]),MIN(1,MAX(0,((tblHistory[[#This Row],[SOX]]/_xlfn.MAXIFS(tblHistory[SOX],tblHistory[Date],"<="&tblHistory[[#This Row],[Date]],tblHistory[Date],">="&tblHistory[[#This Row],[Date]]-365)-1)-Dashboard!$G$14)/(Dashboard!$H$14-Dashboard!$G$14))),0)) | L21: =IF(tblHistory[[#This Row],[Date]]-MIN(tblHistory[Date])<364,NA(),IF(ISNUMBER(tblHistory[[#This Row],[AIQ]]),MIN(1,MAX(0,((tblHistory[[#This Row],[AIQ]]/_xlfn.MAXIFS(tblHistory[AIQ],tblHistory[Date],"<="&tblHistory[[#This Row],[Date]],tblHistory[Date],">="&tblHistory[[#This Row],[Date]]-365)-1)-Dashboard!$G$15)/(Dashboard!$H$15-Dashboard!$G$15))),0)) | M21: =IF(tblHistory[[#This Row],[Date]]-MIN(tblHistory[Date])<364,NA(),IF(ISNUMBER(tblHistory[[#This Row],[ORCL]]),MIN(1,MAX(0,((tblHistory[[#This Row],[ORCL]]/_xlfn.MAXIFS(tblHistory[ORCL],tblHistory[Date],"<="&tblHistory[[#This Row],[Date]],tblHistory[Date],">="&tblHistory[[#This Row],[Date]]-365)-1)-Dashboard!$G$16)/(Dashboard!$H$16-Dashboard!$G$16))),0)) | N21: =IF(tblHistory[[#This Row],[Date]]-MIN(tblHistory[Date])<364,NA(),IF(ISNUMBER(tblHistory[[#This Row],[CRWV]]),MIN(1,MAX(0,((tblHistory[[#This Row],[CRWV]]/_xlfn.MAXIFS(tblHistory[CRWV],tblHistory[Date],"<="&tblHistory[[#This Row],[Date]],tblHistory[Date],">="&tblHistory[[#This Row],[Date]]-365)-1)-Dashboard!$G$17)/(Dashboard!$H$17-Dashboard!$G$17))),0)) | O21: =IF(tblHistory[[#This Row],[Date]]-MIN(tblHistory[Date])<364,NA(),IF(ISNUMBER(tblHistory[[#This Row],[BIZD]]),MIN(1,MAX(0,((tblHistory[[#This Row],[BIZD]]/_xlfn.MAXIFS(tblHistory[BIZD],tblHistory[Date],"<="&tblHistory[[#This Row],[Date]],tblHistory[Date],">="&tblHistory[[#This Row],[Date]]-365)-1)-Dashboard!$G$18)/(Dashboard!$H$18-Dashboard!$G$18))),0)) | P21: =IF(tblHistory[[#This Row],[Date]]-MIN(tblHistory[Date])<364,NA(),IF(ISNUMBER(tblHistory[[#This Row],[BKLN]]),MIN(1,MAX(0,((tblHistory[[#This Row],[BKLN]]/_xlfn.MAXIFS(tblHistory[BKLN],tblHistory[Date],"<="&tblHistory[[#This Row],[Date]],tblHistory[Date],">="&tblHistory[[#This Row],[Date]]-365)-1)-Dashboard!$G$19)/(Dashboard!$H$19-Dashboard!$G$19))),0)) | Q21: =IF(tblHistory[[#This Row],[Date]]-MIN(tblHistory[Date])<364,NA(),MIN(1,MAX(0,(IF(ISNUMBER(tblHistory[[#This Row],[HY]]),tblHistory[[#This Row],[HY]],SUMIFS(tblHistory[HY],tblHistory[Date],_xlfn.MAXIFS(tblHistory[Date],tblHistory[Date],"<"&tblHistory[[#This Row],[Date]],tblHistory[HY],"<>")))-Dashboard!$G$20)/(Dashboard!$H$20-Dashboard!$G$20)))) | R21: =(Dashboard!$C$13*tblHistory[[#This Row],[NDX S]]+Dashboard!$C$14*tblHistory[[#This Row],[SOX S]]+Dashboard!$C$15*tblHistory[[#This Row],[AIQ S]])/SUM(Dashboard!$C$13:$C$15)*100 | S21: =(Dashboard!$C$16*tblHistory[[#This Row],[ORCL S]]+Dashboard!$C$17*tblHistory[[#This Row],[CRWV S]])/SUM(Dashboard!$C$16:$C$17)*100 | T21: =(Dashboard!$C$18*tblHistory[[#This Row],[BIZD S]]+Dashboard!$C$19*tblHistory[[#This Row],[BKLN S]]+Dashboard!$C$20*tblHistory[[#This Row],[HY S]])/SUM(Dashboard!$C$18:$C$20)*100 | U21: =ROUND((Dashboard!$C$13*tblHistory[[#This Row],[NDX S]]+Dashboard!$C$14*tblHistory[[#This Row],[SOX S]]+Dashboard!$C$15*tblHistory[[#This Row],[AIQ S]]+Dashboard!$C$16*tblHistory[[#This Row],[ORCL S]]+Dashboard!$C$17*tblHistory[[#This Row],[CRWV S]]+Dashboard!$C$18*tblHistory[[#This Row],[BIZD S]]+Dashboard!$C$19*tblHistory[[#This Row],[BKLN S]]+Dashboard!$C$20*tblHistory[[#This Row],[HY S]])/SUM(Dashboard!$C$13:$C$20)*100,0) | V21: =IFERROR(--(tblHistory[[#This Row],[Score]]>=50),0) | W21: =IFERROR(--AND(tblHistory[[#This Row],[Score]]>=60,tblHistory[[#This Row],[BIZD S]]>=0.8,tblHistory[[#This Row],[BKLN S]]>=0.5),0) | X21: =IFERROR(--AND(tblHistory[[#This Row],[Score]]>=70,tblHistory[[#This Row],[SOX S]]>=0.83,tblHistory[[#This Row],[AIQ S]]>=0.8),0) | Y21: =IFERROR(--AND(tblHistory[[#This Row],[Score]]>=75,tblHistory[[#This Row],[NDX S]]=1,OR(IF(ISNUMBER(tblHistory[[#This Row],[HY]]),tblHistory[[#This Row],[HY]],SUMIFS(tblHistory[HY],tblHistory[Date],_xlfn.MAXIFS(tblHistory[Date],tblHistory[Date],"<"&tblHistory[[#This Row],[Date]],tblHistory[HY],"<>")))>=500,tblHistory[[#This Row],[BIZD S]]=1)),0) | Z21: =IFERROR(--(COUNTIFS(tblHistory[Date],">="&tblHistory[[#This Row],[Date]],tblHistory[Date],"<="&_xlfn.AGGREGATE(15,6,tblHistory[Date]/(tblHistory[Date]>=tblHistory[[#This Row],[Date]]),5),tblHistory[L1],1)=5),0) | AA21: =IFERROR(--(COUNTIFS(tblHistory[Date],">="&tblHistory[[#This Row],[Date]],tblHistory[Date],"<="&_xlfn.AGGREGATE(15,6,tblHistory[Date]/(tblHistory[Date]>=tblHistory[[#This Row],[Date]]),5),tblHistory[L2],1)=5),0) | AB21: =IFERROR(--(COUNTIFS(tblHistory[Date],">="&tblHistory[[#This Row],[Date]],tblHistory[Date],"<="&_xlfn.AGGREGATE(15,6,tblHistory[Date]/(tblHistory[Date]>=tblHistory[[#This Row],[Date]]),5),tblHistory[L3],1)=5),0) | AC21: =IFERROR(--(COUNTIFS(tblHistory[Date],">="&tblHistory[[#This Row],[Date]],tblHistory[Date],"<="&_xlfn.AGGREGATE(15,6,tblHistory[Date]/(tblHistory[Date]>=tblHistory[[#This Row],[Date]]),5),tblHistory[L4],1)=5),0)
A22: 46286 | B22: 26520.73 | C22: 9426.39 | D22: 47.2 | E22: 271.61 | F22: 47.1 | G22: 16.95 | H22: 21.03 | I22: 380 | J22: =IF(tblHistory[[#This Row],[Date]]-MIN(tblHistory[Date])<364,NA(),IF(ISNUMBER(tblHistory[[#This Row],[NDX]]),MIN(1,MAX(0,((tblHistory[[#This Row],[NDX]]/_xlfn.MAXIFS(tblHistory[NDX],tblHistory[Date],"<="&tblHistory[[#This Row],[Date]],tblHistory[Date],">="&tblHistory[[#This Row],[Date]]-365)-1)-Dashboard!$G$13)/(Dashboard!$H$13-Dashboard!$G$13))),0)) | K22: =IF(tblHistory[[#This Row],[Date]]-MIN(tblHistory[Date])<364,NA(),IF(ISNUMBER(tblHistory[[#This Row],[SOX]]),MIN(1,MAX(0,((tblHistory[[#This Row],[SOX]]/_xlfn.MAXIFS(tblHistory[SOX],tblHistory[Date],"<="&tblHistory[[#This Row],[Date]],tblHistory[Date],">="&tblHistory[[#This Row],[Date]]-365)-1)-Dashboard!$G$14)/(Dashboard!$H$14-Dashboard!$G$14))),0)) | L22: =IF(tblHistory[[#This Row],[Date]]-MIN(tblHistory[Date])<364,NA(),IF(ISNUMBER(tblHistory[[#This Row],[AIQ]]),MIN(1,MAX(0,((tblHistory[[#This Row],[AIQ]]/_xlfn.MAXIFS(tblHistory[AIQ],tblHistory[Date],"<="&tblHistory[[#This Row],[Date]],tblHistory[Date],">="&tblHistory[[#This Row],[Date]]-365)-1)-Dashboard!$G$15)/(Dashboard!$H$15-Dashboard!$G$15))),0)) | M22: =IF(tblHistory[[#This Row],[Date]]-MIN(tblHistory[Date])<364,NA(),IF(ISNUMBER(tblHistory[[#This Row],[ORCL]]),MIN(1,MAX(0,((tblHistory[[#This Row],[ORCL]]/_xlfn.MAXIFS(tblHistory[ORCL],tblHistory[Date],"<="&tblHistory[[#This Row],[Date]],tblHistory[Date],">="&tblHistory[[#This Row],[Date]]-365)-1)-Dashboard!$G$16)/(Dashboard!$H$16-Dashboard!$G$16))),0)) | N22: =IF(tblHistory[[#This Row],[Date]]-MIN(tblHistory[Date])<364,NA(),IF(ISNUMBER(tblHistory[[#This Row],[CRWV]]),MIN(1,MAX(0,((tblHistory[[#This Row],[CRWV]]/_xlfn.MAXIFS(tblHistory[CRWV],tblHistory[Date],"<="&tblHistory[[#This Row],[Date]],tblHistory[Date],">="&tblHistory[[#This Row],[Date]]-365)-1)-Dashboard!$G$17)/(Dashboard!$H$17-Dashboard!$G$17))),0)) | O22: =IF(tblHistory[[#This Row],[Date]]-MIN(tblHistory[Date])<364,NA(),IF(ISNUMBER(tblHistory[[#This Row],[BIZD]]),MIN(1,MAX(0,((tblHistory[[#This Row],[BIZD]]/_xlfn.MAXIFS(tblHistory[BIZD],tblHistory[Date],"<="&tblHistory[[#This Row],[Date]],tblHistory[Date],">="&tblHistory[[#This Row],[Date]]-365)-1)-Dashboard!$G$18)/(Dashboard!$H$18-Dashboard!$G$18))),0)) | P22: =IF(tblHistory[[#This Row],[Date]]-MIN(tblHistory[Date])<364,NA(),IF(ISNUMBER(tblHistory[[#This Row],[BKLN]]),MIN(1,MAX(0,((tblHistory[[#This Row],[BKLN]]/_xlfn.MAXIFS(tblHistory[BKLN],tblHistory[Date],"<="&tblHistory[[#This Row],[Date]],tblHistory[Date],">="&tblHistory[[#This Row],[Date]]-365)-1)-Dashboard!$G$19)/(Dashboard!$H$19-Dashboard!$G$19))),0)) | Q22: =IF(tblHistory[[#This Row],[Date]]-MIN(tblHistory[Date])<364,NA(),MIN(1,MAX(0,(IF(ISNUMBER(tblHistory[[#This Row],[HY]]),tblHistory[[#This Row],[HY]],SUMIFS(tblHistory[HY],tblHistory[Date],_xlfn.MAXIFS(tblHistory[Date],tblHistory[Date],"<"&tblHistory[[#This Row],[Date]],tblHistory[HY],"<>")))-Dashboard!$G$20)/(Dashboard!$H$20-Dashboard!$G$20)))) | R22: =(Dashboard!$C$13*tblHistory[[#This Row],[NDX S]]+Dashboard!$C$14*tblHistory[[#This Row],[SOX S]]+Dashboard!$C$15*tblHistory[[#This Row],[AIQ S]])/SUM(Dashboard!$C$13:$C$15)*100 | S22: =(Dashboard!$C$16*tblHistory[[#This Row],[ORCL S]]+Dashboard!$C$17*tblHistory[[#This Row],[CRWV S]])/SUM(Dashboard!$C$16:$C$17)*100 | T22: =(Dashboard!$C$18*tblHistory[[#This Row],[BIZD S]]+Dashboard!$C$19*tblHistory[[#This Row],[BKLN S]]+Dashboard!$C$20*tblHistory[[#This Row],[HY S]])/SUM(Dashboard!$C$18:$C$20)*100 | U22: =ROUND((Dashboard!$C$13*tblHistory[[#This Row],[NDX S]]+Dashboard!$C$14*tblHistory[[#This Row],[SOX S]]+Dashboard!$C$15*tblHistory[[#This Row],[AIQ S]]+Dashboard!$C$16*tblHistory[[#This Row],[ORCL S]]+Dashboard!$C$17*tblHistory[[#This Row],[CRWV S]]+Dashboard!$C$18*tblHistory[[#This Row],[BIZD S]]+Dashboard!$C$19*tblHistory[[#This Row],[BKLN S]]+Dashboard!$C$20*tblHistory[[#This Row],[HY S]])/SUM(Dashboard!$C$13:$C$20)*100,0) | V22: =IFERROR(--(tblHistory[[#This Row],[Score]]>=50),0) | W22: =IFERROR(--AND(tblHistory[[#This Row],[Score]]>=60,tblHistory[[#This Row],[BIZD S]]>=0.8,tblHistory[[#This Row],[BKLN S]]>=0.5),0) | X22: =IFERROR(--AND(tblHistory[[#This Row],[Score]]>=70,tblHistory[[#This Row],[SOX S]]>=0.83,tblHistory[[#This Row],[AIQ S]]>=0.8),0) | Y22: =IFERROR(--AND(tblHistory[[#This Row],[Score]]>=75,tblHistory[[#This Row],[NDX S]]=1,OR(IF(ISNUMBER(tblHistory[[#This Row],[HY]]),tblHistory[[#This Row],[HY]],SUMIFS(tblHistory[HY],tblHistory[Date],_xlfn.MAXIFS(tblHistory[Date],tblHistory[Date],"<"&tblHistory[[#This Row],[Date]],tblHistory[HY],"<>")))>=500,tblHistory[[#This Row],[BIZD S]]=1)),0) | Z22: =IFERROR(--(COUNTIFS(tblHistory[Date],">="&tblHistory[[#This Row],[Date]],tblHistory[Date],"<="&_xlfn.AGGREGATE(15,6,tblHistory[Date]/(tblHistory[Date]>=tblHistory[[#This Row],[Date]]),5),tblHistory[L1],1)=5),0) | AA22: =IFERROR(--(COUNTIFS(tblHistory[Date],">="&tblHistory[[#This Row],[Date]],tblHistory[Date],"<="&_xlfn.AGGREGATE(15,6,tblHistory[Date]/(tblHistory[Date]>=tblHistory[[#This Row],[Date]]),5),tblHistory[L2],1)=5),0) | AB22: =IFERROR(--(COUNTIFS(tblHistory[Date],">="&tblHistory[[#This Row],[Date]],tblHistory[Date],"<="&_xlfn.AGGREGATE(15,6,tblHistory[Date]/(tblHistory[Date]>=tblHistory[[#This Row],[Date]]),5),tblHistory[L3],1)=5),0) | AC22: =IFERROR(--(COUNTIFS(tblHistory[Date],">="&tblHistory[[#This Row],[Date]],tblHistory[Date],"<="&_xlfn.AGGREGATE(15,6,tblHistory[Date]/(tblHistory[Date]>=tblHistory[[#This Row],[Date]]),5),tblHistory[L4],1)=5),0)
A23: 46283 | B23: 26372.16 | C23: 9491.09 | D23: 46.67 | E23: 281.47 | F23: 45.17 | G23: 16.94 | H23: 21.11 | I23: 370 | J23: =IF(tblHistory[[#This Row],[Date]]-MIN(tblHistory[Date])<364,NA(),IF(ISNUMBER(tblHistory[[#This Row],[NDX]]),MIN(1,MAX(0,((tblHistory[[#This Row],[NDX]]/_xlfn.MAXIFS(tblHistory[NDX],tblHistory[Date],"<="&tblHistory[[#This Row],[Date]],tblHistory[Date],">="&tblHistory[[#This Row],[Date]]-365)-1)-Dashboard!$G$13)/(Dashboard!$H$13-Dashboard!$G$13))),0)) | K23: =IF(tblHistory[[#This Row],[Date]]-MIN(tblHistory[Date])<364,NA(),IF(ISNUMBER(tblHistory[[#This Row],[SOX]]),MIN(1,MAX(0,((tblHistory[[#This Row],[SOX]]/_xlfn.MAXIFS(tblHistory[SOX],tblHistory[Date],"<="&tblHistory[[#This Row],[Date]],tblHistory[Date],">="&tblHistory[[#This Row],[Date]]-365)-1)-Dashboard!$G$14)/(Dashboard!$H$14-Dashboard!$G$14))),0)) | L23: =IF(tblHistory[[#This Row],[Date]]-MIN(tblHistory[Date])<364,NA(),IF(ISNUMBER(tblHistory[[#This Row],[AIQ]]),MIN(1,MAX(0,((tblHistory[[#This Row],[AIQ]]/_xlfn.MAXIFS(tblHistory[AIQ],tblHistory[Date],"<="&tblHistory[[#This Row],[Date]],tblHistory[Date],">="&tblHistory[[#This Row],[Date]]-365)-1)-Dashboard!$G$15)/(Dashboard!$H$15-Dashboard!$G$15))),0)) | M23: =IF(tblHistory[[#This Row],[Date]]-MIN(tblHistory[Date])<364,NA(),IF(ISNUMBER(tblHistory[[#This Row],[ORCL]]),MIN(1,MAX(0,((tblHistory[[#This Row],[ORCL]]/_xlfn.MAXIFS(tblHistory[ORCL],tblHistory[Date],"<="&tblHistory[[#This Row],[Date]],tblHistory[Date],">="&tblHistory[[#This Row],[Date]]-365)-1)-Dashboard!$G$16)/(Dashboard!$H$16-Dashboard!$G$16))),0)) | N23: =IF(tblHistory[[#This Row],[Date]]-MIN(tblHistory[Date])<364,NA(),IF(ISNUMBER(tblHistory[[#This Row],[CRWV]]),MIN(1,MAX(0,((tblHistory[[#This Row],[CRWV]]/_xlfn.MAXIFS(tblHistory[CRWV],tblHistory[Date],"<="&tblHistory[[#This Row],[Date]],tblHistory[Date],">="&tblHistory[[#This Row],[Date]]-365)-1)-Dashboard!$G$17)/(Dashboard!$H$17-Dashboard!$G$17))),0)) | O23: =IF(tblHistory[[#This Row],[Date]]-MIN(tblHistory[Date])<364,NA(),IF(ISNUMBER(tblHistory[[#This Row],[BIZD]]),MIN(1,MAX(0,((tblHistory[[#This Row],[BIZD]]/_xlfn.MAXIFS(tblHistory[BIZD],tblHistory[Date],"<="&tblHistory[[#This Row],[Date]],tblHistory[Date],">="&tblHistory[[#This Row],[Date]]-365)-1)-Dashboard!$G$18)/(Dashboard!$H$18-Dashboard!$G$18))),0)) | P23: =IF(tblHistory[[#This Row],[Date]]-MIN(tblHistory[Date])<364,NA(),IF(ISNUMBER(tblHistory[[#This Row],[BKLN]]),MIN(1,MAX(0,((tblHistory[[#This Row],[BKLN]]/_xlfn.MAXIFS(tblHistory[BKLN],tblHistory[Date],"<="&tblHistory[[#This Row],[Date]],tblHistory[Date],">="&tblHistory[[#This Row],[Date]]-365)-1)-Dashboard!$G$19)/(Dashboard!$H$19-Dashboard!$G$19))),0)) | Q23: =IF(tblHistory[[#This Row],[Date]]-MIN(tblHistory[Date])<364,NA(),MIN(1,MAX(0,(IF(ISNUMBER(tblHistory[[#This Row],[HY]]),tblHistory[[#This Row],[HY]],SUMIFS(tblHistory[HY],tblHistory[Date],_xlfn.MAXIFS(tblHistory[Date],tblHistory[Date],"<"&tblHistory[[#This Row],[Date]],tblHistory[HY],"<>")))-Dashboard!$G$20)/(Dashboard!$H$20-Dashboard!$G$20)))) | R23: =(Dashboard!$C$13*tblHistory[[#This Row],[NDX S]]+Dashboard!$C$14*tblHistory[[#This Row],[SOX S]]+Dashboard!$C$15*tblHistory[[#This Row],[AIQ S]])/SUM(Dashboard!$C$13:$C$15)*100 | S23: =(Dashboard!$C$16*tblHistory[[#This Row],[ORCL S]]+Dashboard!$C$17*tblHistory[[#This Row],[CRWV S]])/SUM(Dashboard!$C$16:$C$17)*100 | T23: =(Dashboard!$C$18*tblHistory[[#This Row],[BIZD S]]+Dashboard!$C$19*tblHistory[[#This Row],[BKLN S]]+Dashboard!$C$20*tblHistory[[#This Row],[HY S]])/SUM(Dashboard!$C$18:$C$20)*100 | U23: =ROUND((Dashboard!$C$13*tblHistory[[#This Row],[NDX S]]+Dashboard!$C$14*tblHistory[[#This Row],[SOX S]]+Dashboard!$C$15*tblHistory[[#This Row],[AIQ S]]+Dashboard!$C$16*tblHistory[[#This Row],[ORCL S]]+Dashboard!$C$17*tblHistory[[#This Row],[CRWV S]]+Dashboard!$C$18*tblHistory[[#This Row],[BIZD S]]+Dashboard!$C$19*tblHistory[[#This Row],[BKLN S]]+Dashboard!$C$20*tblHistory[[#This Row],[HY S]])/SUM(Dashboard!$C$13:$C$20)*100,0) | V23: =IFERROR(--(tblHistory[[#This Row],[Score]]>=50),0) | W23: =IFERROR(--AND(tblHistory[[#This Row],[Score]]>=60,tblHistory[[#This Row],[BIZD S]]>=0.8,tblHistory[[#This Row],[BKLN S]]>=0.5),0) | X23: =IFERROR(--AND(tblHistory[[#This Row],[Score]]>=70,tblHistory[[#This Row],[SOX S]]>=0.83,tblHistory[[#This Row],[AIQ S]]>=0.8),0) | Y23: =IFERROR(--AND(tblHistory[[#This Row],[Score]]>=75,tblHistory[[#This Row],[NDX S]]=1,OR(IF(ISNUMBER(tblHistory[[#This Row],[HY]]),tblHistory[[#This Row],[HY]],SUMIFS(tblHistory[HY],tblHistory[Date],_xlfn.MAXIFS(tblHistory[Date],tblHistory[Date],"<"&tblHistory[[#This Row],[Date]],tblHistory[HY],"<>")))>=500,tblHistory[[#This Row],[BIZD S]]=1)),0) | Z23: =IFERROR(--(COUNTIFS(tblHistory[Date],">="&tblHistory[[#This Row],[Date]],tblHistory[Date],"<="&_xlfn.AGGREGATE(15,6,tblHistory[Date]/(tblHistory[Date]>=tblHistory[[#This Row],[Date]]),5),tblHistory[L1],1)=5),0) | AA23: =IFERROR(--(COUNTIFS(tblHistory[Date],">="&tblHistory[[#This Row],[Date]],tblHistory[Date],"<="&_xlfn.AGGREGATE(15,6,tblHistory[Date]/(tblHistory[Date]>=tblHistory[[#This Row],[Date]]),5),tblHistory[L2],1)=5),0) | AB23: =IFERROR(--(COUNTIFS(tblHistory[Date],">="&tblHistory[[#This Row],[Date]],tblHistory[Date],"<="&_xlfn.AGGREGATE(15,6,tblHistory[Date]/(tblHistory[Date]>=tblHistory[[#This Row],[Date]]),5),tblHistory[L3],1)=5),0) | AC23: =IFERROR(--(COUNTIFS(tblHistory[Date],">="&tblHistory[[#This Row],[Date]],tblHistory[Date],"<="&_xlfn.AGGREGATE(15,6,tblHistory[Date]/(tblHistory[Date]>=tblHistory[[#This Row],[Date]]),5),tblHistory[L4],1)=5),0)
A24: 46282 | B24: 26477.36 | C24: 9710.53 | D24: 46.86 | E24: 292.56 | F24: 43.28 | G24: 17.05 | H24: 21.15 | I24: 360 | J24: =IF(tblHistory[[#This Row],[Date]]-MIN(tblHistory[Date])<364,NA(),IF(ISNUMBER(tblHistory[[#This Row],[NDX]]),MIN(1,MAX(0,((tblHistory[[#This Row],[NDX]]/_xlfn.MAXIFS(tblHistory[NDX],tblHistory[Date],"<="&tblHistory[[#This Row],[Date]],tblHistory[Date],">="&tblHistory[[#This Row],[Date]]-365)-1)-Dashboard!$G$13)/(Dashboard!$H$13-Dashboard!$G$13))),0)) | K24: =IF(tblHistory[[#This Row],[Date]]-MIN(tblHistory[Date])<364,NA(),IF(ISNUMBER(tblHistory[[#This Row],[SOX]]),MIN(1,MAX(0,((tblHistory[[#This Row],[SOX]]/_xlfn.MAXIFS(tblHistory[SOX],tblHistory[Date],"<="&tblHistory[[#This Row],[Date]],tblHistory[Date],">="&tblHistory[[#This Row],[Date]]-365)-1)-Dashboard!$G$14)/(Dashboard!$H$14-Dashboard!$G$14))),0)) | L24: =IF(tblHistory[[#This Row],[Date]]-MIN(tblHistory[Date])<364,NA(),IF(ISNUMBER(tblHistory[[#This Row],[AIQ]]),MIN(1,MAX(0,((tblHistory[[#This Row],[AIQ]]/_xlfn.MAXIFS(tblHistory[AIQ],tblHistory[Date],"<="&tblHistory[[#This Row],[Date]],tblHistory[Date],">="&tblHistory[[#This Row],[Date]]-365)-1)-Dashboard!$G$15)/(Dashboard!$H$15-Dashboard!$G$15))),0)) | M24: =IF(tblHistory[[#This Row],[Date]]-MIN(tblHistory[Date])<364,NA(),IF(ISNUMBER(tblHistory[[#This Row],[ORCL]]),MIN(1,MAX(0,((tblHistory[[#This Row],[ORCL]]/_xlfn.MAXIFS(tblHistory[ORCL],tblHistory[Date],"<="&tblHistory[[#This Row],[Date]],tblHistory[Date],">="&tblHistory[[#This Row],[Date]]-365)-1)-Dashboard!$G$16)/(Dashboard!$H$16-Dashboard!$G$16))),0)) | N24: =IF(tblHistory[[#This Row],[Date]]-MIN(tblHistory[Date])<364,NA(),IF(ISNUMBER(tblHistory[[#This Row],[CRWV]]),MIN(1,MAX(0,((tblHistory[[#This Row],[CRWV]]/_xlfn.MAXIFS(tblHistory[CRWV],tblHistory[Date],"<="&tblHistory[[#This Row],[Date]],tblHistory[Date],">="&tblHistory[[#This Row],[Date]]-365)-1)-Dashboard!$G$17)/(Dashboard!$H$17-Dashboard!$G$17))),0)) | O24: =IF(tblHistory[[#This Row],[Date]]-MIN(tblHistory[Date])<364,NA(),IF(ISNUMBER(tblHistory[[#This Row],[BIZD]]),MIN(1,MAX(0,((tblHistory[[#This Row],[BIZD]]/_xlfn.MAXIFS(tblHistory[BIZD],tblHistory[Date],"<="&tblHistory[[#This Row],[Date]],tblHistory[Date],">="&tblHistory[[#This Row],[Date]]-365)-1)-Dashboard!$G$18)/(Dashboard!$H$18-Dashboard!$G$18))),0)) | P24: =IF(tblHistory[[#This Row],[Date]]-MIN(tblHistory[Date])<364,NA(),IF(ISNUMBER(tblHistory[[#This Row],[BKLN]]),MIN(1,MAX(0,((tblHistory[[#This Row],[BKLN]]/_xlfn.MAXIFS(tblHistory[BKLN],tblHistory[Date],"<="&tblHistory[[#This Row],[Date]],tblHistory[Date],">="&tblHistory[[#This Row],[Date]]-365)-1)-Dashboard!$G$19)/(Dashboard!$H$19-Dashboard!$G$19))),0)) | Q24: =IF(tblHistory[[#This Row],[Date]]-MIN(tblHistory[Date])<364,NA(),MIN(1,MAX(0,(IF(ISNUMBER(tblHistory[[#This Row],[HY]]),tblHistory[[#This Row],[HY]],SUMIFS(tblHistory[HY],tblHistory[Date],_xlfn.MAXIFS(tblHistory[Date],tblHistory[Date],"<"&tblHistory[[#This Row],[Date]],tblHistory[HY],"<>")))-Dashboard!$G$20)/(Dashboard!$H$20-Dashboard!$G$20)))) | R24: =(Dashboard!$C$13*tblHistory[[#This Row],[NDX S]]+Dashboard!$C$14*tblHistory[[#This Row],[SOX S]]+Dashboard!$C$15*tblHistory[[#This Row],[AIQ S]])/SUM(Dashboard!$C$13:$C$15)*100 | S24: =(Dashboard!$C$16*tblHistory[[#This Row],[ORCL S]]+Dashboard!$C$17*tblHistory[[#This Row],[CRWV S]])/SUM(Dashboard!$C$16:$C$17)*100 | T24: =(Dashboard!$C$18*tblHistory[[#This Row],[BIZD S]]+Dashboard!$C$19*tblHistory[[#This Row],[BKLN S]]+Dashboard!$C$20*tblHistory[[#This Row],[HY S]])/SUM(Dashboard!$C$18:$C$20)*100 | U24: =ROUND((Dashboard!$C$13*tblHistory[[#This Row],[NDX S]]+Dashboard!$C$14*tblHistory[[#This Row],[SOX S]]+Dashboard!$C$15*tblHistory[[#This Row],[AIQ S]]+Dashboard!$C$16*tblHistory[[#This Row],[ORCL S]]+Dashboard!$C$17*tblHistory[[#This Row],[CRWV S]]+Dashboard!$C$18*tblHistory[[#This Row],[BIZD S]]+Dashboard!$C$19*tblHistory[[#This Row],[BKLN S]]+Dashboard!$C$20*tblHistory[[#This Row],[HY S]])/SUM(Dashboard!$C$13:$C$20)*100,0) | V24: =IFERROR(--(tblHistory[[#This Row],[Score]]>=50),0) | W24: =IFERROR(--AND(tblHistory[[#This Row],[Score]]>=60,tblHistory[[#This Row],[BIZD S]]>=0.8,tblHistory[[#This Row],[BKLN S]]>=0.5),0) | X24: =IFERROR(--AND(tblHistory[[#This Row],[Score]]>=70,tblHistory[[#This Row],[SOX S]]>=0.83,tblHistory[[#This Row],[AIQ S]]>=0.8),0) | Y24: =IFERROR(--AND(tblHistory[[#This Row],[Score]]>=75,tblHistory[[#This Row],[NDX S]]=1,OR(IF(ISNUMBER(tblHistory[[#This Row],[HY]]),tblHistory[[#This Row],[HY]],SUMIFS(tblHistory[HY],tblHistory[Date],_xlfn.MAXIFS(tblHistory[Date],tblHistory[Date],"<"&tblHistory[[#This Row],[Date]],tblHistory[HY],"<>")))>=500,tblHistory[[#This Row],[BIZD S]]=1)),0) | Z24: =IFERROR(--(COUNTIFS(tblHistory[Date],">="&tblHistory[[#This Row],[Date]],tblHistory[Date],"<="&_xlfn.AGGREGATE(15,6,tblHistory[Date]/(tblHistory[Date]>=tblHistory[[#This Row],[Date]]),5),tblHistory[L1],1)=5),0) | AA24: =IFERROR(--(COUNTIFS(tblHistory[Date],">="&tblHistory[[#This Row],[Date]],tblHistory[Date],"<="&_xlfn.AGGREGATE(15,6,tblHistory[Date]/(tblHistory[Date]>=tblHistory[[#This Row],[Date]]),5),tblHistory[L2],1)=5),0) | AB24: =IFERROR(--(COUNTIFS(tblHistory[Date],">="&tblHistory[[#This Row],[Date]],tblHistory[Date],"<="&_xlfn.AGGREGATE(15,6,tblHistory[Date]/(tblHistory[Date]>=tblHistory[[#This Row],[Date]]),5),tblHistory[L3],1)=5),0) | AC24: =IFERROR(--(COUNTIFS(tblHistory[Date],">="&tblHistory[[#This Row],[Date]],tblHistory[Date],"<="&_xlfn.AGGREGATE(15,6,tblHistory[Date]/(tblHistory[Date]>=tblHistory[[#This Row],[Date]]),5),tblHistory[L4],1)=5),0)
A25: 46281 | B25: 26608.14 | C25: 9631.98 | D25: 46.67 | E25: 288.39 | F25: 42.9 | G25: 16.93 | H25: 21.19 | I25: 349 | J25: =IF(tblHistory[[#This Row],[Date]]-MIN(tblHistory[Date])<364,NA(),IF(ISNUMBER(tblHistory[[#This Row],[NDX]]),MIN(1,MAX(0,((tblHistory[[#This Row],[NDX]]/_xlfn.MAXIFS(tblHistory[NDX],tblHistory[Date],"<="&tblHistory[[#This Row],[Date]],tblHistory[Date],">="&tblHistory[[#This Row],[Date]]-365)-1)-Dashboard!$G$13)/(Dashboard!$H$13-Dashboard!$G$13))),0)) | K25: =IF(tblHistory[[#This Row],[Date]]-MIN(tblHistory[Date])<364,NA(),IF(ISNUMBER(tblHistory[[#This Row],[SOX]]),MIN(1,MAX(0,((tblHistory[[#This Row],[SOX]]/_xlfn.MAXIFS(tblHistory[SOX],tblHistory[Date],"<="&tblHistory[[#This Row],[Date]],tblHistory[Date],">="&tblHistory[[#This Row],[Date]]-365)-1)-Dashboard!$G$14)/(Dashboard!$H$14-Dashboard!$G$14))),0)) | L25: =IF(tblHistory[[#This Row],[Date]]-MIN(tblHistory[Date])<364,NA(),IF(ISNUMBER(tblHistory[[#This Row],[AIQ]]),MIN(1,MAX(0,((tblHistory[[#This Row],[AIQ]]/_xlfn.MAXIFS(tblHistory[AIQ],tblHistory[Date],"<="&tblHistory[[#This Row],[Date]],tblHistory[Date],">="&tblHistory[[#This Row],[Date]]-365)-1)-Dashboard!$G$15)/(Dashboard!$H$15-Dashboard!$G$15))),0)) | M25: =IF(tblHistory[[#This Row],[Date]]-MIN(tblHistory[Date])<364,NA(),IF(ISNUMBER(tblHistory[[#This Row],[ORCL]]),MIN(1,MAX(0,((tblHistory[[#This Row],[ORCL]]/_xlfn.MAXIFS(tblHistory[ORCL],tblHistory[Date],"<="&tblHistory[[#This Row],[Date]],tblHistory[Date],">="&tblHistory[[#This Row],[Date]]-365)-1)-Dashboard!$G$16)/(Dashboard!$H$16-Dashboard!$G$16))),0)) | N25: =IF(tblHistory[[#This Row],[Date]]-MIN(tblHistory[Date])<364,NA(),IF(ISNUMBER(tblHistory[[#This Row],[CRWV]]),MIN(1,MAX(0,((tblHistory[[#This Row],[CRWV]]/_xlfn.MAXIFS(tblHistory[CRWV],tblHistory[Date],"<="&tblHistory[[#This Row],[Date]],tblHistory[Date],">="&tblHistory[[#This Row],[Date]]-365)-1)-Dashboard!$G$17)/(Dashboard!$H$17-Dashboard!$G$17))),0)) | O25: =IF(tblHistory[[#This Row],[Date]]-MIN(tblHistory[Date])<364,NA(),IF(ISNUMBER(tblHistory[[#This Row],[BIZD]]),MIN(1,MAX(0,((tblHistory[[#This Row],[BIZD]]/_xlfn.MAXIFS(tblHistory[BIZD],tblHistory[Date],"<="&tblHistory[[#This Row],[Date]],tblHistory[Date],">="&tblHistory[[#This Row],[Date]]-365)-1)-Dashboard!$G$18)/(Dashboard!$H$18-Dashboard!$G$18))),0)) | P25: =IF(tblHistory[[#This Row],[Date]]-MIN(tblHistory[Date])<364,NA(),IF(ISNUMBER(tblHistory[[#This Row],[BKLN]]),MIN(1,MAX(0,((tblHistory[[#This Row],[BKLN]]/_xlfn.MAXIFS(tblHistory[BKLN],tblHistory[Date],"<="&tblHistory[[#This Row],[Date]],tblHistory[Date],">="&tblHistory[[#This Row],[Date]]-365)-1)-Dashboard!$G$19)/(Dashboard!$H$19-Dashboard!$G$19))),0)) | Q25: =IF(tblHistory[[#This Row],[Date]]-MIN(tblHistory[Date])<364,NA(),MIN(1,MAX(0,(IF(ISNUMBER(tblHistory[[#This Row],[HY]]),tblHistory[[#This Row],[HY]],SUMIFS(tblHistory[HY],tblHistory[Date],_xlfn.MAXIFS(tblHistory[Date],tblHistory[Date],"<"&tblHistory[[#This Row],[Date]],tblHistory[HY],"<>")))-Dashboard!$G$20)/(Dashboard!$H$20-Dashboard!$G$20)))) | R25: =(Dashboard!$C$13*tblHistory[[#This Row],[NDX S]]+Dashboard!$C$14*tblHistory[[#This Row],[SOX S]]+Dashboard!$C$15*tblHistory[[#This Row],[AIQ S]])/SUM(Dashboard!$C$13:$C$15)*100 | S25: =(Dashboard!$C$16*tblHistory[[#This Row],[ORCL S]]+Dashboard!$C$17*tblHistory[[#This Row],[CRWV S]])/SUM(Dashboard!$C$16:$C$17)*100 | T25: =(Dashboard!$C$18*tblHistory[[#This Row],[BIZD S]]+Dashboard!$C$19*tblHistory[[#This Row],[BKLN S]]+Dashboard!$C$20*tblHistory[[#This Row],[HY S]])/SUM(Dashboard!$C$18:$C$20)*100 | U25: =ROUND((Dashboard!$C$13*tblHistory[[#This Row],[NDX S]]+Dashboard!$C$14*tblHistory[[#This Row],[SOX S]]+Dashboard!$C$15*tblHistory[[#This Row],[AIQ S]]+Dashboard!$C$16*tblHistory[[#This Row],[ORCL S]]+Dashboard!$C$17*tblHistory[[#This Row],[CRWV S]]+Dashboard!$C$18*tblHistory[[#This Row],[BIZD S]]+Dashboard!$C$19*tblHistory[[#This Row],[BKLN S]]+Dashboard!$C$20*tblHistory[[#This Row],[HY S]])/SUM(Dashboard!$C$13:$C$20)*100,0) | V25: =IFERROR(--(tblHistory[[#This Row],[Score]]>=50),0) | W25: =IFERROR(--AND(tblHistory[[#This Row],[Score]]>=60,tblHistory[[#This Row],[BIZD S]]>=0.8,tblHistory[[#This Row],[BKLN S]]>=0.5),0) | X25: =IFERROR(--AND(tblHistory[[#This Row],[Score]]>=70,tblHistory[[#This Row],[SOX S]]>=0.83,tblHistory[[#This Row],[AIQ S]]>=0.8),0) | Y25: =IFERROR(--AND(tblHistory[[#This Row],[Score]]>=75,tblHistory[[#This Row],[NDX S]]=1,OR(IF(ISNUMBER(tblHistory[[#This Row],[HY]]),tblHistory[[#This Row],[HY]],SUMIFS(tblHistory[HY],tblHistory[Date],_xlfn.MAXIFS(tblHistory[Date],tblHistory[Date],"<"&tblHistory[[#This Row],[Date]],tblHistory[HY],"<>")))>=500,tblHistory[[#This Row],[BIZD S]]=1)),0) | Z25: =IFERROR(--(COUNTIFS(tblHistory[Date],">="&tblHistory[[#This Row],[Date]],tblHistory[Date],"<="&_xlfn.AGGREGATE(15,6,tblHistory[Date]/(tblHistory[Date]>=tblHistory[[#This Row],[Date]]),5),tblHistory[L1],1)=5),0) | AA25: =IFERROR(--(COUNTIFS(tblHistory[Date],">="&tblHistory[[#This Row],[Date]],tblHistory[Date],"<="&_xlfn.AGGREGATE(15,6,tblHistory[Date]/(tblHistory[Date]>=tblHistory[[#This Row],[Date]]),5),tblHistory[L2],1)=5),0) | AB25: =IFERROR(--(COUNTIFS(tblHistory[Date],">="&tblHistory[[#This Row],[Date]],tblHistory[Date],"<="&_xlfn.AGGREGATE(15,6,tblHistory[Date]/(tblHistory[Date]>=tblHistory[[#This Row],[Date]]),5),tblHistory[L3],1)=5),0) | AC25: =IFERROR(--(COUNTIFS(tblHistory[Date],">="&tblHistory[[#This Row],[Date]],tblHistory[Date],"<="&_xlfn.AGGREGATE(15,6,tblHistory[Date]/(tblHistory[Date]>=tblHistory[[#This Row],[Date]]),5),tblHistory[L4],1)=5),0)
A26: 46280 | B26: 26967.39 | C26: 9654.84 | D26: 46.71 | E26: 296.48 | F26: 45.02 | G26: 16.98 | H26: 21.16 | I26: 356 | J26: =IF(tblHistory[[#This Row],[Date]]-MIN(tblHistory[Date])<364,NA(),IF(ISNUMBER(tblHistory[[#This Row],[NDX]]),MIN(1,MAX(0,((tblHistory[[#This Row],[NDX]]/_xlfn.MAXIFS(tblHistory[NDX],tblHistory[Date],"<="&tblHistory[[#This Row],[Date]],tblHistory[Date],">="&tblHistory[[#This Row],[Date]]-365)-1)-Dashboard!$G$13)/(Dashboard!$H$13-Dashboard!$G$13))),0)) | K26: =IF(tblHistory[[#This Row],[Date]]-MIN(tblHistory[Date])<364,NA(),IF(ISNUMBER(tblHistory[[#This Row],[SOX]]),MIN(1,MAX(0,((tblHistory[[#This Row],[SOX]]/_xlfn.MAXIFS(tblHistory[SOX],tblHistory[Date],"<="&tblHistory[[#This Row],[Date]],tblHistory[Date],">="&tblHistory[[#This Row],[Date]]-365)-1)-Dashboard!$G$14)/(Dashboard!$H$14-Dashboard!$G$14))),0)) | L26: =IF(tblHistory[[#This Row],[Date]]-MIN(tblHistory[Date])<364,NA(),IF(ISNUMBER(tblHistory[[#This Row],[AIQ]]),MIN(1,MAX(0,((tblHistory[[#This Row],[AIQ]]/_xlfn.MAXIFS(tblHistory[AIQ],tblHistory[Date],"<="&tblHistory[[#This Row],[Date]],tblHistory[Date],">="&tblHistory[[#This Row],[Date]]-365)-1)-Dashboard!$G$15)/(Dashboard!$H$15-Dashboard!$G$15))),0)) | M26: =IF(tblHistory[[#This Row],[Date]]-MIN(tblHistory[Date])<364,NA(),IF(ISNUMBER(tblHistory[[#This Row],[ORCL]]),MIN(1,MAX(0,((tblHistory[[#This Row],[ORCL]]/_xlfn.MAXIFS(tblHistory[ORCL],tblHistory[Date],"<="&tblHistory[[#This Row],[Date]],tblHistory[Date],">="&tblHistory[[#This Row],[Date]]-365)-1)-Dashboard!$G$16)/(Dashboard!$H$16-Dashboard!$G$16))),0)) | N26: =IF(tblHistory[[#This Row],[Date]]-MIN(tblHistory[Date])<364,NA(),IF(ISNUMBER(tblHistory[[#This Row],[CRWV]]),MIN(1,MAX(0,((tblHistory[[#This Row],[CRWV]]/_xlfn.MAXIFS(tblHistory[CRWV],tblHistory[Date],"<="&tblHistory[[#This Row],[Date]],tblHistory[Date],">="&tblHistory[[#This Row],[Date]]-365)-1)-Dashboard!$G$17)/(Dashboard!$H$17-Dashboard!$G$17))),0)) | O26: =IF(tblHistory[[#This Row],[Date]]-MIN(tblHistory[Date])<364,NA(),IF(ISNUMBER(tblHistory[[#This Row],[BIZD]]),MIN(1,MAX(0,((tblHistory[[#This Row],[BIZD]]/_xlfn.MAXIFS(tblHistory[BIZD],tblHistory[Date],"<="&tblHistory[[#This Row],[Date]],tblHistory[Date],">="&tblHistory[[#This Row],[Date]]-365)-1)-Dashboard!$G$18)/(Dashboard!$H$18-Dashboard!$G$18))),0)) | P26: =IF(tblHistory[[#This Row],[Date]]-MIN(tblHistory[Date])<364,NA(),IF(ISNUMBER(tblHistory[[#This Row],[BKLN]]),MIN(1,MAX(0,((tblHistory[[#This Row],[BKLN]]/_xlfn.MAXIFS(tblHistory[BKLN],tblHistory[Date],"<="&tblHistory[[#This Row],[Date]],tblHistory[Date],">="&tblHistory[[#This Row],[Date]]-365)-1)-Dashboard!$G$19)/(Dashboard!$H$19-Dashboard!$G$19))),0)) | Q26: =IF(tblHistory[[#This Row],[Date]]-MIN(tblHistory[Date])<364,NA(),MIN(1,MAX(0,(IF(ISNUMBER(tblHistory[[#This Row],[HY]]),tblHistory[[#This Row],[HY]],SUMIFS(tblHistory[HY],tblHistory[Date],_xlfn.MAXIFS(tblHistory[Date],tblHistory[Date],"<"&tblHistory[[#This Row],[Date]],tblHistory[HY],"<>")))-Dashboard!$G$20)/(Dashboard!$H$20-Dashboard!$G$20)))) | R26: =(Dashboard!$C$13*tblHistory[[#This Row],[NDX S]]+Dashboard!$C$14*tblHistory[[#This Row],[SOX S]]+Dashboard!$C$15*tblHistory[[#This Row],[AIQ S]])/SUM(Dashboard!$C$13:$C$15)*100 | S26: =(Dashboard!$C$16*tblHistory[[#This Row],[ORCL S]]+Dashboard!$C$17*tblHistory[[#This Row],[CRWV S]])/SUM(Dashboard!$C$16:$C$17)*100 | T26: =(Dashboard!$C$18*tblHistory[[#This Row],[BIZD S]]+Dashboard!$C$19*tblHistory[[#This Row],[BKLN S]]+Dashboard!$C$20*tblHistory[[#This Row],[HY S]])/SUM(Dashboard!$C$18:$C$20)*100 | U26: =ROUND((Dashboard!$C$13*tblHistory[[#This Row],[NDX S]]+Dashboard!$C$14*tblHistory[[#This Row],[SOX S]]+Dashboard!$C$15*tblHistory[[#This Row],[AIQ S]]+Dashboard!$C$16*tblHistory[[#This Row],[ORCL S]]+Dashboard!$C$17*tblHistory[[#This Row],[CRWV S]]+Dashboard!$C$18*tblHistory[[#This Row],[BIZD S]]+Dashboard!$C$19*tblHistory[[#This Row],[BKLN S]]+Dashboard!$C$20*tblHistory[[#This Row],[HY S]])/SUM(Dashboard!$C$13:$C$20)*100,0) | V26: =IFERROR(--(tblHistory[[#This Row],[Score]]>=50),0) | W26: =IFERROR(--AND(tblHistory[[#This Row],[Score]]>=60,tblHistory[[#This Row],[BIZD S]]>=0.8,tblHistory[[#This Row],[BKLN S]]>=0.5),0) | X26: =IFERROR(--AND(tblHistory[[#This Row],[Score]]>=70,tblHistory[[#This Row],[SOX S]]>=0.83,tblHistory[[#This Row],[AIQ S]]>=0.8),0) | Y26: =IFERROR(--AND(tblHistory[[#This Row],[Score]]>=75,tblHistory[[#This Row],[NDX S]]=1,OR(IF(ISNUMBER(tblHistory[[#This Row],[HY]]),tblHistory[[#This Row],[HY]],SUMIFS(tblHistory[HY],tblHistory[Date],_xlfn.MAXIFS(tblHistory[Date],tblHistory[Date],"<"&tblHistory[[#This Row],[Date]],tblHistory[HY],"<>")))>=500,tblHistory[[#This Row],[BIZD S]]=1)),0) | Z26: =IFERROR(--(COUNTIFS(tblHistory[Date],">="&tblHistory[[#This Row],[Date]],tblHistory[Date],"<="&_xlfn.AGGREGATE(15,6,tblHistory[Date]/(tblHistory[Date]>=tblHistory[[#This Row],[Date]]),5),tblHistory[L1],1)=5),0) | AA26: =IFERROR(--(COUNTIFS(tblHistory[Date],">="&tblHistory[[#This Row],[Date]],tblHistory[Date],"<="&_xlfn.AGGREGATE(15,6,tblHistory[Date]/(tblHistory[Date]>=tblHistory[[#This Row],[Date]]),5),tblHistory[L2],1)=5),0) | AB26: =IFERROR(--(COUNTIFS(tblHistory[Date],">="&tblHistory[[#This Row],[Date]],tblHistory[Date],"<="&_xlfn.AGGREGATE(15,6,tblHistory[Date]/(tblHistory[Date]>=tblHistory[[#This Row],[Date]]),5),tblHistory[L3],1)=5),0) | AC26: =IFERROR(--(COUNTIFS(tblHistory[Date],">="&tblHistory[[#This Row],[Date]],tblHistory[Date],"<="&_xlfn.AGGREGATE(15,6,tblHistory[Date]/(tblHistory[Date]>=tblHistory[[#This Row],[Date]]),5),tblHistory[L4],1)=5),0)
A27: 46279 | B27: 27065.5 | C27: 9720.78 | D27: 46.43 | E27: 294.9 | F27: 44.85 | G27: 17.19 | H27: 21.22 | I27: 349 | J27: =IF(tblHistory[[#This Row],[Date]]-MIN(tblHistory[Date])<364,NA(),IF(ISNUMBER(tblHistory[[#This Row],[NDX]]),MIN(1,MAX(0,((tblHistory[[#This Row],[NDX]]/_xlfn.MAXIFS(tblHistory[NDX],tblHistory[Date],"<="&tblHistory[[#This Row],[Date]],tblHistory[Date],">="&tblHistory[[#This Row],[Date]]-365)-1)-Dashboard!$G$13)/(Dashboard!$H$13-Dashboard!$G$13))),0)) | K27: =IF(tblHistory[[#This Row],[Date]]-MIN(tblHistory[Date])<364,NA(),IF(ISNUMBER(tblHistory[[#This Row],[SOX]]),MIN(1,MAX(0,((tblHistory[[#This Row],[SOX]]/_xlfn.MAXIFS(tblHistory[SOX],tblHistory[Date],"<="&tblHistory[[#This Row],[Date]],tblHistory[Date],">="&tblHistory[[#This Row],[Date]]-365)-1)-Dashboard!$G$14)/(Dashboard!$H$14-Dashboard!$G$14))),0)) | L27: =IF(tblHistory[[#This Row],[Date]]-MIN(tblHistory[Date])<364,NA(),IF(ISNUMBER(tblHistory[[#This Row],[AIQ]]),MIN(1,MAX(0,((tblHistory[[#This Row],[AIQ]]/_xlfn.MAXIFS(tblHistory[AIQ],tblHistory[Date],"<="&tblHistory[[#This Row],[Date]],tblHistory[Date],">="&tblHistory[[#This Row],[Date]]-365)-1)-Dashboard!$G$15)/(Dashboard!$H$15-Dashboard!$G$15))),0)) | M27: =IF(tblHistory[[#This Row],[Date]]-MIN(tblHistory[Date])<364,NA(),IF(ISNUMBER(tblHistory[[#This Row],[ORCL]]),MIN(1,MAX(0,((tblHistory[[#This Row],[ORCL]]/_xlfn.MAXIFS(tblHistory[ORCL],tblHistory[Date],"<="&tblHistory[[#This Row],[Date]],tblHistory[Date],">="&tblHistory[[#This Row],[Date]]-365)-1)-Dashboard!$G$16)/(Dashboard!$H$16-Dashboard!$G$16))),0)) | N27: =IF(tblHistory[[#This Row],[Date]]-MIN(tblHistory[Date])<364,NA(),IF(ISNUMBER(tblHistory[[#This Row],[CRWV]]),MIN(1,MAX(0,((tblHistory[[#This Row],[CRWV]]/_xlfn.MAXIFS(tblHistory[CRWV],tblHistory[Date],"<="&tblHistory[[#This Row],[Date]],tblHistory[Date],">="&tblHistory[[#This Row],[Date]]-365)-1)-Dashboard!$G$17)/(Dashboard!$H$17-Dashboard!$G$17))),0)) | O27: =IF(tblHistory[[#This Row],[Date]]-MIN(tblHistory[Date])<364,NA(),IF(ISNUMBER(tblHistory[[#This Row],[BIZD]]),MIN(1,MAX(0,((tblHistory[[#This Row],[BIZD]]/_xlfn.MAXIFS(tblHistory[BIZD],tblHistory[Date],"<="&tblHistory[[#This Row],[Date]],tblHistory[Date],">="&tblHistory[[#This Row],[Date]]-365)-1)-Dashboard!$G$18)/(Dashboard!$H$18-Dashboard!$G$18))),0)) | P27: =IF(tblHistory[[#This Row],[Date]]-MIN(tblHistory[Date])<364,NA(),IF(ISNUMBER(tblHistory[[#This Row],[BKLN]]),MIN(1,MAX(0,((tblHistory[[#This Row],[BKLN]]/_xlfn.MAXIFS(tblHistory[BKLN],tblHistory[Date],"<="&tblHistory[[#This Row],[Date]],tblHistory[Date],">="&tblHistory[[#This Row],[Date]]-365)-1)-Dashboard!$G$19)/(Dashboard!$H$19-Dashboard!$G$19))),0)) | Q27: =IF(tblHistory[[#This Row],[Date]]-MIN(tblHistory[Date])<364,NA(),MIN(1,MAX(0,(IF(ISNUMBER(tblHistory[[#This Row],[HY]]),tblHistory[[#This Row],[HY]],SUMIFS(tblHistory[HY],tblHistory[Date],_xlfn.MAXIFS(tblHistory[Date],tblHistory[Date],"<"&tblHistory[[#This Row],[Date]],tblHistory[HY],"<>")))-Dashboard!$G$20)/(Dashboard!$H$20-Dashboard!$G$20)))) | R27: =(Dashboard!$C$13*tblHistory[[#This Row],[NDX S]]+Dashboard!$C$14*tblHistory[[#This Row],[SOX S]]+Dashboard!$C$15*tblHistory[[#This Row],[AIQ S]])/SUM(Dashboard!$C$13:$C$15)*100 | S27: =(Dashboard!$C$16*tblHistory[[#This Row],[ORCL S]]+Dashboard!$C$17*tblHistory[[#This Row],[CRWV S]])/SUM(Dashboard!$C$16:$C$17)*100 | T27: =(Dashboard!$C$18*tblHistory[[#This Row],[BIZD S]]+Dashboard!$C$19*tblHistory[[#This Row],[BKLN S]]+Dashboard!$C$20*tblHistory[[#This Row],[HY S]])/SUM(Dashboard!$C$18:$C$20)*100 | U27: =ROUND((Dashboard!$C$13*tblHistory[[#This Row],[NDX S]]+Dashboard!$C$14*tblHistory[[#This Row],[SOX S]]+Dashboard!$C$15*tblHistory[[#This Row],[AIQ S]]+Dashboard!$C$16*tblHistory[[#This Row],[ORCL S]]+Dashboard!$C$17*tblHistory[[#This Row],[CRWV S]]+Dashboard!$C$18*tblHistory[[#This Row],[BIZD S]]+Dashboard!$C$19*tblHistory[[#This Row],[BKLN S]]+Dashboard!$C$20*tblHistory[[#This Row],[HY S]])/SUM(Dashboard!$C$13:$C$20)*100,0) | V27: =IFERROR(--(tblHistory[[#This Row],[Score]]>=50),0) | W27: =IFERROR(--AND(tblHistory[[#This Row],[Score]]>=60,tblHistory[[#This Row],[BIZD S]]>=0.8,tblHistory[[#This Row],[BKLN S]]>=0.5),0) | X27: =IFERROR(--AND(tblHistory[[#This Row],[Score]]>=70,tblHistory[[#This Row],[SOX S]]>=0.83,tblHistory[[#This Row],[AIQ S]]>=0.8),0) | Y27: =IFERROR(--AND(tblHistory[[#This Row],[Score]]>=75,tblHistory[[#This Row],[NDX S]]=1,OR(IF(ISNUMBER(tblHistory[[#This Row],[HY]]),tblHistory[[#This Row],[HY]],SUMIFS(tblHistory[HY],tblHistory[Date],_xlfn.MAXIFS(tblHistory[Date],tblHistory[Date],"<"&tblHistory[[#This Row],[Date]],tblHistory[HY],"<>")))>=500,tblHistory[[#This Row],[BIZD S]]=1)),0) | Z27: =IFERROR(--(COUNTIFS(tblHistory[Date],">="&tblHistory[[#This Row],[Date]],tblHistory[Date],"<="&_xlfn.AGGREGATE(15,6,tblHistory[Date]/(tblHistory[Date]>=tblHistory[[#This Row],[Date]]),5),tblHistory[L1],1)=5),0) | AA27: =IFERROR(--(COUNTIFS(tblHistory[Date],">="&tblHistory[[#This Row],[Date]],tblHistory[Date],"<="&_xlfn.AGGREGATE(15,6,tblHistory[Date]/(tblHistory[Date]>=tblHistory[[#This Row],[Date]]),5),tblHistory[L2],1)=5),0) | AB27: =IFERROR(--(COUNTIFS(tblHistory[Date],">="&tblHistory[[#This Row],[Date]],tblHistory[Date],"<="&_xlfn.AGGREGATE(15,6,tblHistory[Date]/(tblHistory[Date]>=tblHistory[[#This Row],[Date]]),5),tblHistory[L3],1)=5),0) | AC27: =IFERROR(--(COUNTIFS(tblHistory[Date],">="&tblHistory[[#This Row],[Date]],tblHistory[Date],"<="&_xlfn.AGGREGATE(15,6,tblHistory[Date]/(tblHistory[Date]>=tblHistory[[#This Row],[Date]]),5),tblHistory[L4],1)=5),0)
... A133: 46129 | B133: 28332.97 | C133: 12631.1 | D133: 56.62 | E133: 288 | F133: 30.95 | G133: 15.84 | H133: 21.3 | I133: 302 | J133: =IF(tblHistory[[#This Row],[Date]]-MIN(tblHistory[Date])<364,NA(),IF(ISNUMBER(tblHistory[[#This Row],[NDX]]),MIN(1,MAX(0,((tblHistory[[#This Row],[NDX]]/_xlfn.MAXIFS(tblHistory[NDX],tblHistory[Date],"<="&tblHistory[[#This Row],[Date]],tblHistory[Date],">="&tblHistory[[#This Row],[Date]]-365)-1)-Dashboard!$G$13)/(Dashboard!$H$13-Dashboard!$G$13))),0)) | K133: =IF(tblHistory[[#This Row],[Date]]-MIN(tblHistory[Date])<364,NA(),IF(ISNUMBER(tblHistory[[#This Row],[SOX]]),MIN(1,MAX(0,((tblHistory[[#This Row],[SOX]]/_xlfn.MAXIFS(tblHistory[SOX],tblHistory[Date],"<="&tblHistory[[#This Row],[Date]],tblHistory[Date],">="&tblHistory[[#This Row],[Date]]-365)-1)-Dashboard!$G$14)/(Dashboard!$H$14-Dashboard!$G$14))),0)) | L133: =IF(tblHistory[[#This Row],[Date]]-MIN(tblHistory[Date])<364,NA(),IF(ISNUMBER(tblHistory[[#This Row],[AIQ]]),MIN(1,MAX(0,((tblHistory[[#This Row],[AIQ]]/_xlfn.MAXIFS(tblHistory[AIQ],tblHistory[Date],"<="&tblHistory[[#This Row],[Date]],tblHistory[Date],">="&tblHistory[[#This Row],[Date]]-365)-1)-Dashboard!$G$15)/(Dashboard!$H$15-Dashboard!$G$15))),0)) | M133: =IF(tblHistory[[#This Row],[Date]]-MIN(tblHistory[Date])<364,NA(),IF(ISNUMBER(tblHistory[[#This Row],[ORCL]]),MIN(1,MAX(0,((tblHistory[[#This Row],[ORCL]]/_xlfn.MAXIFS(tblHistory[ORCL],tblHistory[Date],"<="&tblHistory[[#This Row],[Date]],tblHistory[Date],">="&tblHistory[[#This Row],[Date]]-365)-1)-Dashboard!$G$16)/(Dashboard!$H$16-Dashboard!$G$16))),0)) | N133: =IF(tblHistory[[#This Row],[Date]]-MIN(tblHistory[Date])<364,NA(),IF(ISNUMBER(tblHistory[[#This Row],[CRWV]]),MIN(1,MAX(0,((tblHistory[[#This Row],[CRWV]]/_xlfn.MAXIFS(tblHistory[CRWV],tblHistory[Date],"<="&tblHistory[[#This Row],[Date]],tblHistory[Date],">="&tblHistory[[#This Row],[Date]]-365)-1)-Dashboard!$G$17)/(Dashboard!$H$17-Dashboard!$G$17))),0)) | O133: =IF(tblHistory[[#This Row],[Date]]-MIN(tblHistory[Date])<364,NA(),IF(ISNUMBER(tblHistory[[#This Row],[BIZD]]),MIN(1,MAX(0,((tblHistory[[#This Row],[BIZD]]/_xlfn.MAXIFS(tblHistory[BIZD],tblHistory[Date],"<="&tblHistory[[#This Row],[Date]],tblHistory[Date],">="&tblHistory[[#This Row],[Date]]-365)-1)-Dashboard!$G$18)/(Dashboard!$H$18-Dashboard!$G$18))),0)) | P133: =IF(tblHistory[[#This Row],[Date]]-MIN(tblHistory[Date])<364,NA(),IF(ISNUMBER(tblHistory[[#This Row],[BKLN]]),MIN(1,MAX(0,((tblHistory[[#This Row],[BKLN]]/_xlfn.MAXIFS(tblHistory[BKLN],tblHistory[Date],"<="&tblHistory[[#This Row],[Date]],tblHistory[Date],">="&tblHistory[[#This Row],[Date]]-365)-1)-Dashboard!$G$19)/(Dashboard!$H$19-Dashboard!$G$19))),0)) | Q133: =IF(tblHistory[[#This Row],[Date]]-MIN(tblHistory[Date])<364,NA(),MIN(1,MAX(0,(IF(ISNUMBER(tblHistory[[#This Row],[HY]]),tblHistory[[#This Row],[HY]],SUMIFS(tblHistory[HY],tblHistory[Date],_xlfn.MAXIFS(tblHistory[Date],tblHistory[Date],"<"&tblHistory[[#This Row],[Date]],tblHistory[HY],"<>")))-Dashboard!$G$20)/(Dashboard!$H$20-Dashboard!$G$20)))) | R133: =(Dashboard!$C$13*tblHistory[[#This Row],[NDX S]]+Dashboard!$C$14*tblHistory[[#This Row],[SOX S]]+Dashboard!$C$15*tblHistory[[#This Row],[AIQ S]])/SUM(Dashboard!$C$13:$C$15)*100 | S133: =(Dashboard!$C$16*tblHistory[[#This Row],[ORCL S]]+Dashboard!$C$17*tblHistory[[#This Row],[CRWV S]])/SUM(Dashboard!$C$16:$C$17)*100 | T133: =(Dashboard!$C$18*tblHistory[[#This Row],[BIZD S]]+Dashboard!$C$19*tblHistory[[#This Row],[BKLN S]]+Dashboard!$C$20*tblHistory[[#This Row],[HY S]])/SUM(Dashboard!$C$18:$C$20)*100 | U133: =ROUND((Dashboard!$C$13*tblHistory[[#This Row],[NDX S]]+Dashboard!$C$14*tblHistory[[#This Row],[SOX S]]+Dashboard!$C$15*tblHistory[[#This Row],[AIQ S]]+Dashboard!$C$16*tblHistory[[#This Row],[ORCL S]]+Dashboard!$C$17*tblHistory[[#This Row],[CRWV S]]+Dashboard!$C$18*tblHistory[[#This Row],[BIZD S]]+Dashboard!$C$19*tblHistory[[#This Row],[BKLN S]]+Dashboard!$C$20*tblHistory[[#This Row],[HY S]])/SUM(Dashboard!$C$13:$C$20)*100,0) | V133: =IFERROR(--(tblHistory[[#This Row],[Score]]>=50),0) | W133: =IFERROR(--AND(tblHistory[[#This Row],[Score]]>=60,tblHistory[[#This Row],[BIZD S]]>=0.8,tblHistory[[#This Row],[BKLN S]]>=0.5),0) | X133: =IFERROR(--AND(tblHistory[[#This Row],[Score]]>=70,tblHistory[[#This Row],[SOX S]]>=0.83,tblHistory[[#This Row],[AIQ S]]>=0.8),0) | Y133: =IFERROR(--AND(tblHistory[[#This Row],[Score]]>=75,tblHistory[[#This Row],[NDX S]]=1,OR(IF(ISNUMBER(tblHistory[[#This Row],[HY]]),tblHistory[[#This Row],[HY]],SUMIFS(tblHistory[HY],tblHistory[Date],_xlfn.MAXIFS(tblHistory[Date],tblHistory[Date],"<"&tblHistory[[#This Row],[Date]],tblHistory[HY],"<>")))>=500,tblHistory[[#This Row],[BIZD S]]=1)),0) | Z133: =IFERROR(--(COUNTIFS(tblHistory[Date],">="&tblHistory[[#This Row],[Date]],tblHistory[Date],"<="&_xlfn.AGGREGATE(15,6,tblHistory[Date]/(tblHistory[Date]>=tblHistory[[#This Row],[Date]]),5),tblHistory[L1],1)=5),0) | AA133: =IFERROR(--(COUNTIFS(tblHistory[Date],">="&tblHistory[[#This Row],[Date]],tblHistory[Date],"<="&_xlfn.AGGREGATE(15,6,tblHistory[Date]/(tblHistory[Date]>=tblHistory[[#This Row],[Date]]),5),tblHistory[L2],1)=5),0) | AB133: =IFERROR(--(COUNTIFS(tblHistory[Date],">="&tblHistory[[#This Row],[Date]],tblHistory[Date],"<="&_xlfn.AGGREGATE(15,6,tblHistory[Date]/(tblHistory[Date]>=tblHistory[[#This Row],[Date]]),5),tblHistory[L3],1)=5),0) | AC133: =IFERROR(--(COUNTIFS(tblHistory[Date],">="&tblHistory[[#This Row],[Date]],tblHistory[Date],"<="&_xlfn.AGGREGATE(15,6,tblHistory[Date]/(tblHistory[Date]>=tblHistory[[#This Row],[Date]]),5),tblHistory[L4],1)=5),0)
A134: 46128 | B134: 27784.79 | C134: 12761.59 | D134: 55.8 | E134: 292.41 | F134: 30.49 | G134: 15.83 | H134: 21.29 | J134: =IF(tblHistory[[#This Row],[Date]]-MIN(tblHistory[Date])<364,NA(),IF(ISNUMBER(tblHistory[[#This Row],[NDX]]),MIN(1,MAX(0,((tblHistory[[#This Row],[NDX]]/_xlfn.MAXIFS(tblHistory[NDX],tblHistory[Date],"<="&tblHistory[[#This Row],[Date]],tblHistory[Date],">="&tblHistory[[#This Row],[Date]]-365)-1)-Dashboard!$G$13)/(Dashboard!$H$13-Dashboard!$G$13))),0)) | K134: =IF(tblHistory[[#This Row],[Date]]-MIN(tblHistory[Date])<364,NA(),IF(ISNUMBER(tblHistory[[#This Row],[SOX]]),MIN(1,MAX(0,((tblHistory[[#This Row],[SOX]]/_xlfn.MAXIFS(tblHistory[SOX],tblHistory[Date],"<="&tblHistory[[#This Row],[Date]],tblHistory[Date],">="&tblHistory[[#This Row],[Date]]-365)-1)-Dashboard!$G$14)/(Dashboard!$H$14-Dashboard!$G$14))),0)) | L134: =IF(tblHistory[[#This Row],[Date]]-MIN(tblHistory[Date])<364,NA(),IF(ISNUMBER(tblHistory[[#This Row],[AIQ]]),MIN(1,MAX(0,((tblHistory[[#This Row],[AIQ]]/_xlfn.MAXIFS(tblHistory[AIQ],tblHistory[Date],"<="&tblHistory[[#This Row],[Date]],tblHistory[Date],">="&tblHistory[[#This Row],[Date]]-365)-1)-Dashboard!$G$15)/(Dashboard!$H$15-Dashboard!$G$15))),0)) | M134: =IF(tblHistory[[#This Row],[Date]]-MIN(tblHistory[Date])<364,NA(),IF(ISNUMBER(tblHistory[[#This Row],[ORCL]]),MIN(1,MAX(0,((tblHistory[[#This Row],[ORCL]]/_xlfn.MAXIFS(tblHistory[ORCL],tblHistory[Date],"<="&tblHistory[[#This Row],[Date]],tblHistory[Date],">="&tblHistory[[#This Row],[Date]]-365)-1)-Dashboard!$G$16)/(Dashboard!$H$16-Dashboard!$G$16))),0)) | N134: =IF(tblHistory[[#This Row],[Date]]-MIN(tblHistory[Date])<364,NA(),IF(ISNUMBER(tblHistory[[#This Row],[CRWV]]),MIN(1,MAX(0,((tblHistory[[#This Row],[CRWV]]/_xlfn.MAXIFS(tblHistory[CRWV],tblHistory[Date],"<="&tblHistory[[#This Row],[Date]],tblHistory[Date],">="&tblHistory[[#This Row],[Date]]-365)-1)-Dashboard!$G$17)/(Dashboard!$H$17-Dashboard!$G$17))),0)) | O134: =IF(tblHistory[[#This Row],[Date]]-MIN(tblHistory[Date])<364,NA(),IF(ISNUMBER(tblHistory[[#This Row],[BIZD]]),MIN(1,MAX(0,((tblHistory[[#This Row],[BIZD]]/_xlfn.MAXIFS(tblHistory[BIZD],tblHistory[Date],"<="&tblHistory[[#This Row],[Date]],tblHistory[Date],">="&tblHistory[[#This Row],[Date]]-365)-1)-Dashboard!$G$18)/(Dashboard!$H$18-Dashboard!$G$18))),0)) | P134: =IF(tblHistory[[#This Row],[Date]]-MIN(tblHistory[Date])<364,NA(),IF(ISNUMBER(tblHistory[[#This Row],[BKLN]]),MIN(1,MAX(0,((tblHistory[[#This Row],[BKLN]]/_xlfn.MAXIFS(tblHistory[BKLN],tblHistory[Date],"<="&tblHistory[[#This Row],[Date]],tblHistory[Date],">="&tblHistory[[#This Row],[Date]]-365)-1)-Dashboard!$G$19)/(Dashboard!$H$19-Dashboard!$G$19))),0)) | Q134: =IF(tblHistory[[#This Row],[Date]]-MIN(tblHistory[Date])<364,NA(),MIN(1,MAX(0,(IF(ISNUMBER(tblHistory[[#This Row],[HY]]),tblHistory[[#This Row],[HY]],SUMIFS(tblHistory[HY],tblHistory[Date],_xlfn.MAXIFS(tblHistory[Date],tblHistory[Date],"<"&tblHistory[[#This Row],[Date]],tblHistory[HY],"<>")))-Dashboard!$G$20)/(Dashboard!$H$20-Dashboard!$G$20)))) | R134: =(Dashboard!$C$13*tblHistory[[#This Row],[NDX S]]+Dashboard!$C$14*tblHistory[[#This Row],[SOX S]]+Dashboard!$C$15*tblHistory[[#This Row],[AIQ S]])/SUM(Dashboard!$C$13:$C$15)*100 | S134: =(Dashboard!$C$16*tblHistory[[#This Row],[ORCL S]]+Dashboard!$C$17*tblHistory[[#This Row],[CRWV S]])/SUM(Dashboard!$C$16:$C$17)*100 | T134: =(Dashboard!$C$18*tblHistory[[#This Row],[BIZD S]]+Dashboard!$C$19*tblHistory[[#This Row],[BKLN S]]+Dashboard!$C$20*tblHistory[[#This Row],[HY S]])/SUM(Dashboard!$C$18:$C$20)*100 | U134: =ROUND((Dashboard!$C$13*tblHistory[[#This Row],[NDX S]]+Dashboard!$C$14*tblHistory[[#This Row],[SOX S]]+Dashboard!$C$15*tblHistory[[#This Row],[AIQ S]]+Dashboard!$C$16*tblHistory[[#This Row],[ORCL S]]+Dashboard!$C$17*tblHistory[[#This Row],[CRWV S]]+Dashboard!$C$18*tblHistory[[#This Row],[BIZD S]]+Dashboard!$C$19*tblHistory[[#This Row],[BKLN S]]+Dashboard!$C$20*tblHistory[[#This Row],[HY S]])/SUM(Dashboard!$C$13:$C$20)*100,0) | V134: =IFERROR(--(tblHistory[[#This Row],[Score]]>=50),0) | W134: =IFERROR(--AND(tblHistory[[#This Row],[Score]]>=60,tblHistory[[#This Row],[BIZD S]]>=0.8,tblHistory[[#This Row],[BKLN S]]>=0.5),0) | X134: =IFERROR(--AND(tblHistory[[#This Row],[Score]]>=70,tblHistory[[#This Row],[SOX S]]>=0.83,tblHistory[[#This Row],[AIQ S]]>=0.8),0) | Y134: =IFERROR(--AND(tblHistory[[#This Row],[Score]]>=75,tblHistory[[#This Row],[NDX S]]=1,OR(IF(ISNUMBER(tblHistory[[#This Row],[HY]]),tblHistory[[#This Row],[HY]],SUMIFS(tblHistory[HY],tblHistory[Date],_xlfn.MAXIFS(tblHistory[Date],tblHistory[Date],"<"&tblHistory[[#This Row],[Date]],tblHistory[HY],"<>")))>=500,tblHistory[[#This Row],[BIZD S]]=1)),0) | Z134: =IFERROR(--(COUNTIFS(tblHistory[Date],">="&tblHistory[[#This Row],[Date]],tblHistory[Date],"<="&_xlfn.AGGREGATE(15,6,tblHistory[Date]/(tblHistory[Date]>=tblHistory[[#This Row],[Date]]),5),tblHistory[L1],1)=5),0) | AA134: =IFERROR(--(COUNTIFS(tblHistory[Date],">="&tblHistory[[#This Row],[Date]],tblHistory[Date],"<="&_xlfn.AGGREGATE(15,6,tblHistory[Date]/(tblHistory[Date]>=tblHistory[[#This Row],[Date]]),5),tblHistory[L2],1)=5),0) | AB134: =IFERROR(--(COUNTIFS(tblHistory[Date],">="&tblHistory[[#This Row],[Date]],tblHistory[Date],"<="&_xlfn.AGGREGATE(15,6,tblHistory[Date]/(tblHistory[Date]>=tblHistory[[#This Row],[Date]]),5),tblHistory[L3],1)=5),0) | AC134: =IFERROR(--(COUNTIFS(tblHistory[Date],">="&tblHistory[[#This Row],[Date]],tblHistory[Date],"<="&_xlfn.AGGREGATE(15,6,tblHistory[Date]/(tblHistory[Date]>=tblHistory[[#This Row],[Date]]),5),tblHistory[L4],1)=5),0)
A135: 46127 | B135: 28116.68 | C135: 12476.83 | D135: 56.03 | E135: 304.65 | F135: 30.52 | G135: 15.76 | H135: 21.3 | I135: 301 | J135: =IF(tblHistory[[#This Row],[Date]]-MIN(tblHistory[Date])<364,NA(),IF(ISNUMBER(tblHistory[[#This Row],[NDX]]),MIN(1,MAX(0,((tblHistory[[#This Row],[NDX]]/_xlfn.MAXIFS(tblHistory[NDX],tblHistory[Date],"<="&tblHistory[[#This Row],[Date]],tblHistory[Date],">="&tblHistory[[#This Row],[Date]]-365)-1)-Dashboard!$G$13)/(Dashboard!$H$13-Dashboard!$G$13))),0)) | K135: =IF(tblHistory[[#This Row],[Date]]-MIN(tblHistory[Date])<364,NA(),IF(ISNUMBER(tblHistory[[#This Row],[SOX]]),MIN(1,MAX(0,((tblHistory[[#This Row],[SOX]]/_xlfn.MAXIFS(tblHistory[SOX],tblHistory[Date],"<="&tblHistory[[#This Row],[Date]],tblHistory[Date],">="&tblHistory[[#This Row],[Date]]-365)-1)-Dashboard!$G$14)/(Dashboard!$H$14-Dashboard!$G$14))),0)) | L135: =IF(tblHistory[[#This Row],[Date]]-MIN(tblHistory[Date])<364,NA(),IF(ISNUMBER(tblHistory[[#This Row],[AIQ]]),MIN(1,MAX(0,((tblHistory[[#This Row],[AIQ]]/_xlfn.MAXIFS(tblHistory[AIQ],tblHistory[Date],"<="&tblHistory[[#This Row],[Date]],tblHistory[Date],">="&tblHistory[[#This Row],[Date]]-365)-1)-Dashboard!$G$15)/(Dashboard!$H$15-Dashboard!$G$15))),0)) | M135: =IF(tblHistory[[#This Row],[Date]]-MIN(tblHistory[Date])<364,NA(),IF(ISNUMBER(tblHistory[[#This Row],[ORCL]]),MIN(1,MAX(0,((tblHistory[[#This Row],[ORCL]]/_xlfn.MAXIFS(tblHistory[ORCL],tblHistory[Date],"<="&tblHistory[[#This Row],[Date]],tblHistory[Date],">="&tblHistory[[#This Row],[Date]]-365)-1)-Dashboard!$G$16)/(Dashboard!$H$16-Dashboard!$G$16))),0)) | N135: =IF(tblHistory[[#This Row],[Date]]-MIN(tblHistory[Date])<364,NA(),IF(ISNUMBER(tblHistory[[#This Row],[CRWV]]),MIN(1,MAX(0,((tblHistory[[#This Row],[CRWV]]/_xlfn.MAXIFS(tblHistory[CRWV],tblHistory[Date],"<="&tblHistory[[#This Row],[Date]],tblHistory[Date],">="&tblHistory[[#This Row],[Date]]-365)-1)-Dashboard!$G$17)/(Dashboard!$H$17-Dashboard!$G$17))),0)) | O135: =IF(tblHistory[[#This Row],[Date]]-MIN(tblHistory[Date])<364,NA(),IF(ISNUMBER(tblHistory[[#This Row],[BIZD]]),MIN(1,MAX(0,((tblHistory[[#This Row],[BIZD]]/_xlfn.MAXIFS(tblHistory[BIZD],tblHistory[Date],"<="&tblHistory[[#This Row],[Date]],tblHistory[Date],">="&tblHistory[[#This Row],[Date]]-365)-1)-Dashboard!$G$18)/(Dashboard!$H$18-Dashboard!$G$18))),0)) | P135: =IF(tblHistory[[#This Row],[Date]]-MIN(tblHistory[Date])<364,NA(),IF(ISNUMBER(tblHistory[[#This Row],[BKLN]]),MIN(1,MAX(0,((tblHistory[[#This Row],[BKLN]]/_xlfn.MAXIFS(tblHistory[BKLN],tblHistory[Date],"<="&tblHistory[[#This Row],[Date]],tblHistory[Date],">="&tblHistory[[#This Row],[Date]]-365)-1)-Dashboard!$G$19)/(Dashboard!$H$19-Dashboard!$G$19))),0)) | Q135: =IF(tblHistory[[#This Row],[Date]]-MIN(tblHistory[Date])<364,NA(),MIN(1,MAX(0,(IF(ISNUMBER(tblHistory[[#This Row],[HY]]),tblHistory[[#This Row],[HY]],SUMIFS(tblHistory[HY],tblHistory[Date],_xlfn.MAXIFS(tblHistory[Date],tblHistory[Date],"<"&tblHistory[[#This Row],[Date]],tblHistory[HY],"<>")))-Dashboard!$G$20)/(Dashboard!$H$20-Dashboard!$G$20)))) | R135: =(Dashboard!$C$13*tblHistory[[#This Row],[NDX S]]+Dashboard!$C$14*tblHistory[[#This Row],[SOX S]]+Dashboard!$C$15*tblHistory[[#This Row],[AIQ S]])/SUM(Dashboard!$C$13:$C$15)*100 | S135: =(Dashboard!$C$16*tblHistory[[#This Row],[ORCL S]]+Dashboard!$C$17*tblHistory[[#This Row],[CRWV S]])/SUM(Dashboard!$C$16:$C$17)*100 | T135: =(Dashboard!$C$18*tblHistory[[#This Row],[BIZD S]]+Dashboard!$C$19*tblHistory[[#This Row],[BKLN S]]+Dashboard!$C$20*tblHistory[[#This Row],[HY S]])/SUM(Dashboard!$C$18:$C$20)*100 | U135: =ROUND((Dashboard!$C$13*tblHistory[[#This Row],[NDX S]]+Dashboard!$C$14*tblHistory[[#This Row],[SOX S]]+Dashboard!$C$15*tblHistory[[#This Row],[AIQ S]]+Dashboard!$C$16*tblHistory[[#This Row],[ORCL S]]+Dashboard!$C$17*tblHistory[[#This Row],[CRWV S]]+Dashboard!$C$18*tblHistory[[#This Row],[BIZD S]]+Dashboard!$C$19*tblHistory[[#This Row],[BKLN S]]+Dashboard!$C$20*tblHistory[[#This Row],[HY S]])/SUM(Dashboard!$C$13:$C$20)*100,0) | V135: =IFERROR(--(tblHistory[[#This Row],[Score]]>=50),0) | W135: =IFERROR(--AND(tblHistory[[#This Row],[Score]]>=60,tblHistory[[#This Row],[BIZD S]]>=0.8,tblHistory[[#This Row],[BKLN S]]>=0.5),0) | X135: =IFERROR(--AND(tblHistory[[#This Row],[Score]]>=70,tblHistory[[#This Row],[SOX S]]>=0.83,tblHistory[[#This Row],[AIQ S]]>=0.8),0) | Y135: =IFERROR(--AND(tblHistory[[#This Row],[Score]]>=75,tblHistory[[#This Row],[NDX S]]=1,OR(IF(ISNUMBER(tblHistory[[#This Row],[HY]]),tblHistory[[#This Row],[HY]],SUMIFS(tblHistory[HY],tblHistory[Date],_xlfn.MAXIFS(tblHistory[Date],tblHistory[Date],"<"&tblHistory[[#This Row],[Date]],tblHistory[HY],"<>")))>=500,tblHistory[[#This Row],[BIZD S]]=1)),0) | Z135: =IFERROR(--(COUNTIFS(tblHistory[Date],">="&tblHistory[[#This Row],[Date]],tblHistory[Date],"<="&_xlfn.AGGREGATE(15,6,tblHistory[Date]/(tblHistory[Date]>=tblHistory[[#This Row],[Date]]),5),tblHistory[L1],1)=5),0) | AA135: =IFERROR(--(COUNTIFS(tblHistory[Date],">="&tblHistory[[#This Row],[Date]],tblHistory[Date],"<="&_xlfn.AGGREGATE(15,6,tblHistory[Date]/(tblHistory[Date]>=tblHistory[[#This Row],[Date]]),5),tblHistory[L2],1)=5),0) | AB135: =IFERROR(--(COUNTIFS(tblHistory[Date],">="&tblHistory[[#This Row],[Date]],tblHistory[Date],"<="&_xlfn.AGGREGATE(15,6,tblHistory[Date]/(tblHistory[Date]>=tblHistory[[#This Row],[Date]]),5),tblHistory[L3],1)=5),0) | AC135: =IFERROR(--(COUNTIFS(tblHistory[Date],">="&tblHistory[[#This Row],[Date]],tblHistory[Date],"<="&_xlfn.AGGREGATE(15,6,tblHistory[Date]/(tblHistory[Date]>=tblHistory[[#This Row],[Date]]),5),tblHistory[L4],1)=5),0)
A136: 46126 | B136: 29000.27 | C136: 12882.68 | D136: 55.46 | E136: 297.89 | F136: 32.58 | G136: 15.75 | H136: 21.26 | I136: 297 | J136: =IF(tblHistory[[#This Row],[Date]]-MIN(tblHistory[Date])<364,NA(),IF(ISNUMBER(tblHistory[[#This Row],[NDX]]),MIN(1,MAX(0,((tblHistory[[#This Row],[NDX]]/_xlfn.MAXIFS(tblHistory[NDX],tblHistory[Date],"<="&tblHistory[[#This Row],[Date]],tblHistory[Date],">="&tblHistory[[#This Row],[Date]]-365)-1)-Dashboard!$G$13)/(Dashboard!$H$13-Dashboard!$G$13))),0)) | K136: =IF(tblHistory[[#This Row],[Date]]-MIN(tblHistory[Date])<364,NA(),IF(ISNUMBER(tblHistory[[#This Row],[SOX]]),MIN(1,MAX(0,((tblHistory[[#This Row],[SOX]]/_xlfn.MAXIFS(tblHistory[SOX],tblHistory[Date],"<="&tblHistory[[#This Row],[Date]],tblHistory[Date],">="&tblHistory[[#This Row],[Date]]-365)-1)-Dashboard!$G$14)/(Dashboard!$H$14-Dashboard!$G$14))),0)) | L136: =IF(tblHistory[[#This Row],[Date]]-MIN(tblHistory[Date])<364,NA(),IF(ISNUMBER(tblHistory[[#This Row],[AIQ]]),MIN(1,MAX(0,((tblHistory[[#This Row],[AIQ]]/_xlfn.MAXIFS(tblHistory[AIQ],tblHistory[Date],"<="&tblHistory[[#This Row],[Date]],tblHistory[Date],">="&tblHistory[[#This Row],[Date]]-365)-1)-Dashboard!$G$15)/(Dashboard!$H$15-Dashboard!$G$15))),0)) | M136: =IF(tblHistory[[#This Row],[Date]]-MIN(tblHistory[Date])<364,NA(),IF(ISNUMBER(tblHistory[[#This Row],[ORCL]]),MIN(1,MAX(0,((tblHistory[[#This Row],[ORCL]]/_xlfn.MAXIFS(tblHistory[ORCL],tblHistory[Date],"<="&tblHistory[[#This Row],[Date]],tblHistory[Date],">="&tblHistory[[#This Row],[Date]]-365)-1)-Dashboard!$G$16)/(Dashboard!$H$16-Dashboard!$G$16))),0)) | N136: =IF(tblHistory[[#This Row],[Date]]-MIN(tblHistory[Date])<364,NA(),IF(ISNUMBER(tblHistory[[#This Row],[CRWV]]),MIN(1,MAX(0,((tblHistory[[#This Row],[CRWV]]/_xlfn.MAXIFS(tblHistory[CRWV],tblHistory[Date],"<="&tblHistory[[#This Row],[Date]],tblHistory[Date],">="&tblHistory[[#This Row],[Date]]-365)-1)-Dashboard!$G$17)/(Dashboard!$H$17-Dashboard!$G$17))),0)) | O136: =IF(tblHistory[[#This Row],[Date]]-MIN(tblHistory[Date])<364,NA(),IF(ISNUMBER(tblHistory[[#This Row],[BIZD]]),MIN(1,MAX(0,((tblHistory[[#This Row],[BIZD]]/_xlfn.MAXIFS(tblHistory[BIZD],tblHistory[Date],"<="&tblHistory[[#This Row],[Date]],tblHistory[Date],">="&tblHistory[[#This Row],[Date]]-365)-1)-Dashboard!$G$18)/(Dashboard!$H$18-Dashboard!$G$18))),0)) | P136: =IF(tblHistory[[#This Row],[Date]]-MIN(tblHistory[Date])<364,NA(),IF(ISNUMBER(tblHistory[[#This Row],[BKLN]]),MIN(1,MAX(0,((tblHistory[[#This Row],[BKLN]]/_xlfn.MAXIFS(tblHistory[BKLN],tblHistory[Date],"<="&tblHistory[[#This Row],[Date]],tblHistory[Date],">="&tblHistory[[#This Row],[Date]]-365)-1)-Dashboard!$G$19)/(Dashboard!$H$19-Dashboard!$G$19))),0)) | Q136: =IF(tblHistory[[#This Row],[Date]]-MIN(tblHistory[Date])<364,NA(),MIN(1,MAX(0,(IF(ISNUMBER(tblHistory[[#This Row],[HY]]),tblHistory[[#This Row],[HY]],SUMIFS(tblHistory[HY],tblHistory[Date],_xlfn.MAXIFS(tblHistory[Date],tblHistory[Date],"<"&tblHistory[[#This Row],[Date]],tblHistory[HY],"<>")))-Dashboard!$G$20)/(Dashboard!$H$20-Dashboard!$G$20)))) | R136: =(Dashboard!$C$13*tblHistory[[#This Row],[NDX S]]+Dashboard!$C$14*tblHistory[[#This Row],[SOX S]]+Dashboard!$C$15*tblHistory[[#This Row],[AIQ S]])/SUM(Dashboard!$C$13:$C$15)*100 | S136: =(Dashboard!$C$16*tblHistory[[#This Row],[ORCL S]]+Dashboard!$C$17*tblHistory[[#This Row],[CRWV S]])/SUM(Dashboard!$C$16:$C$17)*100 | T136: =(Dashboard!$C$18*tblHistory[[#This Row],[BIZD S]]+Dashboard!$C$19*tblHistory[[#This Row],[BKLN S]]+Dashboard!$C$20*tblHistory[[#This Row],[HY S]])/SUM(Dashboard!$C$18:$C$20)*100 | U136: =ROUND((Dashboard!$C$13*tblHistory[[#This Row],[NDX S]]+Dashboard!$C$14*tblHistory[[#This Row],[SOX S]]+Dashboard!$C$15*tblHistory[[#This Row],[AIQ S]]+Dashboard!$C$16*tblHistory[[#This Row],[ORCL S]]+Dashboard!$C$17*tblHistory[[#This Row],[CRWV S]]+Dashboard!$C$18*tblHistory[[#This Row],[BIZD S]]+Dashboard!$C$19*tblHistory[[#This Row],[BKLN S]]+Dashboard!$C$20*tblHistory[[#This Row],[HY S]])/SUM(Dashboard!$C$13:$C$20)*100,0) | V136: =IFERROR(--(tblHistory[[#This Row],[Score]]>=50),0) | W136: =IFERROR(--AND(tblHistory[[#This Row],[Score]]>=60,tblHistory[[#This Row],[BIZD S]]>=0.8,tblHistory[[#This Row],[BKLN S]]>=0.5),0) | X136: =IFERROR(--AND(tblHistory[[#This Row],[Score]]>=70,tblHistory[[#This Row],[SOX S]]>=0.83,tblHistory[[#This Row],[AIQ S]]>=0.8),0) | Y136: =IFERROR(--AND(tblHistory[[#This Row],[Score]]>=75,tblHistory[[#This Row],[NDX S]]=1,OR(IF(ISNUMBER(tblHistory[[#This Row],[HY]]),tblHistory[[#This Row],[HY]],SUMIFS(tblHistory[HY],tblHistory[Date],_xlfn.MAXIFS(tblHistory[Date],tblHistory[Date],"<"&tblHistory[[#This Row],[Date]],tblHistory[HY],"<>")))>=500,tblHistory[[#This Row],[BIZD S]]=1)),0) | Z136: =IFERROR(--(COUNTIFS(tblHistory[Date],">="&tblHistory[[#This Row],[Date]],tblHistory[Date],"<="&_xlfn.AGGREGATE(15,6,tblHistory[Date]/(tblHistory[Date]>=tblHistory[[#This Row],[Date]]),5),tblHistory[L1],1)=5),0) | AA136: =IFERROR(--(COUNTIFS(tblHistory[Date],">="&tblHistory[[#This Row],[Date]],tblHistory[Date],"<="&_xlfn.AGGREGATE(15,6,tblHistory[Date]/(tblHistory[Date]>=tblHistory[[#This Row],[Date]]),5),tblHistory[L2],1)=5),0) | AB136: =IFERROR(--(COUNTIFS(tblHistory[Date],">="&tblHistory[[#This Row],[Date]],tblHistory[Date],"<="&_xlfn.AGGREGATE(15,6,tblHistory[Date]/(tblHistory[Date]>=tblHistory[[#This Row],[Date]]),5),tblHistory[L3],1)=5),0) | AC136: =IFERROR(--(COUNTIFS(tblHistory[Date],">="&tblHistory[[#This Row],[Date]],tblHistory[Date],"<="&_xlfn.AGGREGATE(15,6,tblHistory[Date]/(tblHistory[Date]>=tblHistory[[#This Row],[Date]]),5),tblHistory[L4],1)=5),0)
A137: 46125 | B137: 29362.38 | C137: 12666.43 | D137: 55.53 | E137: 301.24 | F137: 31.26 | G137: 15.63 | H137: 21.21 | I137: 299 | J137: =IF(tblHistory[[#This Row],[Date]]-MIN(tblHistory[Date])<364,NA(),IF(ISNUMBER(tblHistory[[#This Row],[NDX]]),MIN(1,MAX(0,((tblHistory[[#This Row],[NDX]]/_xlfn.MAXIFS(tblHistory[NDX],tblHistory[Date],"<="&tblHistory[[#This Row],[Date]],tblHistory[Date],">="&tblHistory[[#This Row],[Date]]-365)-1)-Dashboard!$G$13)/(Dashboard!$H$13-Dashboard!$G$13))),0)) | K137: =IF(tblHistory[[#This Row],[Date]]-MIN(tblHistory[Date])<364,NA(),IF(ISNUMBER(tblHistory[[#This Row],[SOX]]),MIN(1,MAX(0,((tblHistory[[#This Row],[SOX]]/_xlfn.MAXIFS(tblHistory[SOX],tblHistory[Date],"<="&tblHistory[[#This Row],[Date]],tblHistory[Date],">="&tblHistory[[#This Row],[Date]]-365)-1)-Dashboard!$G$14)/(Dashboard!$H$14-Dashboard!$G$14))),0)) | L137: =IF(tblHistory[[#This Row],[Date]]-MIN(tblHistory[Date])<364,NA(),IF(ISNUMBER(tblHistory[[#This Row],[AIQ]]),MIN(1,MAX(0,((tblHistory[[#This Row],[AIQ]]/_xlfn.MAXIFS(tblHistory[AIQ],tblHistory[Date],"<="&tblHistory[[#This Row],[Date]],tblHistory[Date],">="&tblHistory[[#This Row],[Date]]-365)-1)-Dashboard!$G$15)/(Dashboard!$H$15-Dashboard!$G$15))),0)) | M137: =IF(tblHistory[[#This Row],[Date]]-MIN(tblHistory[Date])<364,NA(),IF(ISNUMBER(tblHistory[[#This Row],[ORCL]]),MIN(1,MAX(0,((tblHistory[[#This Row],[ORCL]]/_xlfn.MAXIFS(tblHistory[ORCL],tblHistory[Date],"<="&tblHistory[[#This Row],[Date]],tblHistory[Date],">="&tblHistory[[#This Row],[Date]]-365)-1)-Dashboard!$G$16)/(Dashboard!$H$16-Dashboard!$G$16))),0)) | N137: =IF(tblHistory[[#This Row],[Date]]-MIN(tblHistory[Date])<364,NA(),IF(ISNUMBER(tblHistory[[#This Row],[CRWV]]),MIN(1,MAX(0,((tblHistory[[#This Row],[CRWV]]/_xlfn.MAXIFS(tblHistory[CRWV],tblHistory[Date],"<="&tblHistory[[#This Row],[Date]],tblHistory[Date],">="&tblHistory[[#This Row],[Date]]-365)-1)-Dashboard!$G$17)/(Dashboard!$H$17-Dashboard!$G$17))),0)) | O137: =IF(tblHistory[[#This Row],[Date]]-MIN(tblHistory[Date])<364,NA(),IF(ISNUMBER(tblHistory[[#This Row],[BIZD]]),MIN(1,MAX(0,((tblHistory[[#This Row],[BIZD]]/_xlfn.MAXIFS(tblHistory[BIZD],tblHistory[Date],"<="&tblHistory[[#This Row],[Date]],tblHistory[Date],">="&tblHistory[[#This Row],[Date]]-365)-1)-Dashboard!$G$18)/(Dashboard!$H$18-Dashboard!$G$18))),0)) | P137: =IF(tblHistory[[#This Row],[Date]]-MIN(tblHistory[Date])<364,NA(),IF(ISNUMBER(tblHistory[[#This Row],[BKLN]]),MIN(1,MAX(0,((tblHistory[[#This Row],[BKLN]]/_xlfn.MAXIFS(tblHistory[BKLN],tblHistory[Date],"<="&tblHistory[[#This Row],[Date]],tblHistory[Date],">="&tblHistory[[#This Row],[Date]]-365)-1)-Dashboard!$G$19)/(Dashboard!$H$19-Dashboard!$G$19))),0)) | Q137: =IF(tblHistory[[#This Row],[Date]]-MIN(tblHistory[Date])<364,NA(),MIN(1,MAX(0,(IF(ISNUMBER(tblHistory[[#This Row],[HY]]),tblHistory[[#This Row],[HY]],SUMIFS(tblHistory[HY],tblHistory[Date],_xlfn.MAXIFS(tblHistory[Date],tblHistory[Date],"<"&tblHistory[[#This Row],[Date]],tblHistory[HY],"<>")))-Dashboard!$G$20)/(Dashboard!$H$20-Dashboard!$G$20)))) | R137: =(Dashboard!$C$13*tblHistory[[#This Row],[NDX S]]+Dashboard!$C$14*tblHistory[[#This Row],[SOX S]]+Dashboard!$C$15*tblHistory[[#This Row],[AIQ S]])/SUM(Dashboard!$C$13:$C$15)*100 | S137: =(Dashboard!$C$16*tblHistory[[#This Row],[ORCL S]]+Dashboard!$C$17*tblHistory[[#This Row],[CRWV S]])/SUM(Dashboard!$C$16:$C$17)*100 | T137: =(Dashboard!$C$18*tblHistory[[#This Row],[BIZD S]]+Dashboard!$C$19*tblHistory[[#This Row],[BKLN S]]+Dashboard!$C$20*tblHistory[[#This Row],[HY S]])/SUM(Dashboard!$C$18:$C$20)*100 | U137: =ROUND((Dashboard!$C$13*tblHistory[[#This Row],[NDX S]]+Dashboard!$C$14*tblHistory[[#This Row],[SOX S]]+Dashboard!$C$15*tblHistory[[#This Row],[AIQ S]]+Dashboard!$C$16*tblHistory[[#This Row],[ORCL S]]+Dashboard!$C$17*tblHistory[[#This Row],[CRWV S]]+Dashboard!$C$18*tblHistory[[#This Row],[BIZD S]]+Dashboard!$C$19*tblHistory[[#This Row],[BKLN S]]+Dashboard!$C$20*tblHistory[[#This Row],[HY S]])/SUM(Dashboard!$C$13:$C$20)*100,0) | V137: =IFERROR(--(tblHistory[[#This Row],[Score]]>=50),0) | W137: =IFERROR(--AND(tblHistory[[#This Row],[Score]]>=60,tblHistory[[#This Row],[BIZD S]]>=0.8,tblHistory[[#This Row],[BKLN S]]>=0.5),0) | X137: =IFERROR(--AND(tblHistory[[#This Row],[Score]]>=70,tblHistory[[#This Row],[SOX S]]>=0.83,tblHistory[[#This Row],[AIQ S]]>=0.8),0) | Y137: =IFERROR(--AND(tblHistory[[#This Row],[Score]]>=75,tblHistory[[#This Row],[NDX S]]=1,OR(IF(ISNUMBER(tblHistory[[#This Row],[HY]]),tblHistory[[#This Row],[HY]],SUMIFS(tblHistory[HY],tblHistory[Date],_xlfn.MAXIFS(tblHistory[Date],tblHistory[Date],"<"&tblHistory[[#This Row],[Date]],tblHistory[HY],"<>")))>=500,tblHistory[[#This Row],[BIZD S]]=1)),0) | Z137: =IFERROR(--(COUNTIFS(tblHistory[Date],">="&tblHistory[[#This Row],[Date]],tblHistory[Date],"<="&_xlfn.AGGREGATE(15,6,tblHistory[Date]/(tblHistory[Date]>=tblHistory[[#This Row],[Date]]),5),tblHistory[L1],1)=5),0) | AA137: =IFERROR(--(COUNTIFS(tblHistory[Date],">="&tblHistory[[#This Row],[Date]],tblHistory[Date],"<="&_xlfn.AGGREGATE(15,6,tblHistory[Date]/(tblHistory[Date]>=tblHistory[[#This Row],[Date]]),5),tblHistory[L2],1)=5),0) | AB137: =IFERROR(--(COUNTIFS(tblHistory[Date],">="&tblHistory[[#This Row],[Date]],tblHistory[Date],"<="&_xlfn.AGGREGATE(15,6,tblHistory[Date]/(tblHistory[Date]>=tblHistory[[#This Row],[Date]]),5),tblHistory[L3],1)=5),0) | AC137: =IFERROR(--(COUNTIFS(tblHistory[Date],">="&tblHistory[[#This Row],[Date]],tblHistory[Date],"<="&_xlfn.AGGREGATE(15,6,tblHistory[Date]/(tblHistory[Date]>=tblHistory[[#This Row],[Date]]),5),tblHistory[L4],1)=5),0)
A138: 46122 | B138: 29085.39 | C138: 13059.28 | D138: 55.48 | E138: 301.08 | F138: 31.15 | G138: 15.64 | H138: 21.27 | J138: =IF(tblHistory[[#This Row],[Date]]-MIN(tblHistory[Date])<364,NA(),IF(ISNUMBER(tblHistory[[#This Row],[NDX]]),MIN(1,MAX(0,((tblHistory[[#This Row],[NDX]]/_xlfn.MAXIFS(tblHistory[NDX],tblHistory[Date],"<="&tblHistory[[#This Row],[Date]],tblHistory[Date],">="&tblHistory[[#This Row],[Date]]-365)-1)-Dashboard!$G$13)/(Dashboard!$H$13-Dashboard!$G$13))),0)) | K138: =IF(tblHistory[[#This Row],[Date]]-MIN(tblHistory[Date])<364,NA(),IF(ISNUMBER(tblHistory[[#This Row],[SOX]]),MIN(1,MAX(0,((tblHistory[[#This Row],[SOX]]/_xlfn.MAXIFS(tblHistory[SOX],tblHistory[Date],"<="&tblHistory[[#This Row],[Date]],tblHistory[Date],">="&tblHistory[[#This Row],[Date]]-365)-1)-Dashboard!$G$14)/(Dashboard!$H$14-Dashboard!$G$14))),0)) | L138: =IF(tblHistory[[#This Row],[Date]]-MIN(tblHistory[Date])<364,NA(),IF(ISNUMBER(tblHistory[[#This Row],[AIQ]]),MIN(1,MAX(0,((tblHistory[[#This Row],[AIQ]]/_xlfn.MAXIFS(tblHistory[AIQ],tblHistory[Date],"<="&tblHistory[[#This Row],[Date]],tblHistory[Date],">="&tblHistory[[#This Row],[Date]]-365)-1)-Dashboard!$G$15)/(Dashboard!$H$15-Dashboard!$G$15))),0)) | M138: =IF(tblHistory[[#This Row],[Date]]-MIN(tblHistory[Date])<364,NA(),IF(ISNUMBER(tblHistory[[#This Row],[ORCL]]),MIN(1,MAX(0,((tblHistory[[#This Row],[ORCL]]/_xlfn.MAXIFS(tblHistory[ORCL],tblHistory[Date],"<="&tblHistory[[#This Row],[Date]],tblHistory[Date],">="&tblHistory[[#This Row],[Date]]-365)-1)-Dashboard!$G$16)/(Dashboard!$H$16-Dashboard!$G$16))),0)) | N138: =IF(tblHistory[[#This Row],[Date]]-MIN(tblHistory[Date])<364,NA(),IF(ISNUMBER(tblHistory[[#This Row],[CRWV]]),MIN(1,MAX(0,((tblHistory[[#This Row],[CRWV]]/_xlfn.MAXIFS(tblHistory[CRWV],tblHistory[Date],"<="&tblHistory[[#This Row],[Date]],tblHistory[Date],">="&tblHistory[[#This Row],[Date]]-365)-1)-Dashboard!$G$17)/(Dashboard!$H$17-Dashboard!$G$17))),0)) | O138: =IF(tblHistory[[#This Row],[Date]]-MIN(tblHistory[Date])<364,NA(),IF(ISNUMBER(tblHistory[[#This Row],[BIZD]]),MIN(1,MAX(0,((tblHistory[[#This Row],[BIZD]]/_xlfn.MAXIFS(tblHistory[BIZD],tblHistory[Date],"<="&tblHistory[[#This Row],[Date]],tblHistory[Date],">="&tblHistory[[#This Row],[Date]]-365)-1)-Dashboard!$G$18)/(Dashboard!$H$18-Dashboard!$G$18))),0)) | P138: =IF(tblHistory[[#This Row],[Date]]-MIN(tblHistory[Date])<364,NA(),IF(ISNUMBER(tblHistory[[#This Row],[BKLN]]),MIN(1,MAX(0,((tblHistory[[#This Row],[BKLN]]/_xlfn.MAXIFS(tblHistory[BKLN],tblHistory[Date],"<="&tblHistory[[#This Row],[Date]],tblHistory[Date],">="&tblHistory[[#This Row],[Date]]-365)-1)-Dashboard!$G$19)/(Dashboard!$H$19-Dashboard!$G$19))),0)) | Q138: =IF(tblHistory[[#This Row],[Date]]-MIN(tblHistory[Date])<364,NA(),MIN(1,MAX(0,(IF(ISNUMBER(tblHistory[[#This Row],[HY]]),tblHistory[[#This Row],[HY]],SUMIFS(tblHistory[HY],tblHistory[Date],_xlfn.MAXIFS(tblHistory[Date],tblHistory[Date],"<"&tblHistory[[#This Row],[Date]],tblHistory[HY],"<>")))-Dashboard!$G$20)/(Dashboard!$H$20-Dashboard!$G$20)))) | R138: =(Dashboard!$C$13*tblHistory[[#This Row],[NDX S]]+Dashboard!$C$14*tblHistory[[#This Row],[SOX S]]+Dashboard!$C$15*tblHistory[[#This Row],[AIQ S]])/SUM(Dashboard!$C$13:$C$15)*100 | S138: =(Dashboard!$C$16*tblHistory[[#This Row],[ORCL S]]+Dashboard!$C$17*tblHistory[[#This Row],[CRWV S]])/SUM(Dashboard!$C$16:$C$17)*100 | T138: =(Dashboard!$C$18*tblHistory[[#This Row],[BIZD S]]+Dashboard!$C$19*tblHistory[[#This Row],[BKLN S]]+Dashboard!$C$20*tblHistory[[#This Row],[HY S]])/SUM(Dashboard!$C$18:$C$20)*100 | U138: =ROUND((Dashboard!$C$13*tblHistory[[#This Row],[NDX S]]+Dashboard!$C$14*tblHistory[[#This Row],[SOX S]]+Dashboard!$C$15*tblHistory[[#This Row],[AIQ S]]+Dashboard!$C$16*tblHistory[[#This Row],[ORCL S]]+Dashboard!$C$17*tblHistory[[#This Row],[CRWV S]]+Dashboard!$C$18*tblHistory[[#This Row],[BIZD S]]+Dashboard!$C$19*tblHistory[[#This Row],[BKLN S]]+Dashboard!$C$20*tblHistory[[#This Row],[HY S]])/SUM(Dashboard!$C$13:$C$20)*100,0) | V138: =IFERROR(--(tblHistory[[#This Row],[Score]]>=50),0) | W138: =IFERROR(--AND(tblHistory[[#This Row],[Score]]>=60,tblHistory[[#This Row],[BIZD S]]>=0.8,tblHistory[[#This Row],[BKLN S]]>=0.5),0) | X138: =IFERROR(--AND(tblHistory[[#This Row],[Score]]>=70,tblHistory[[#This Row],[SOX S]]>=0.83,tblHistory[[#This Row],[AIQ S]]>=0.8),0) | Y138: =IFERROR(--AND(tblHistory[[#This Row],[Score]]>=75,tblHistory[[#This Row],[NDX S]]=1,OR(IF(ISNUMBER(tblHistory[[#This Row],[HY]]),tblHistory[[#This Row],[HY]],SUMIFS(tblHistory[HY],tblHistory[Date],_xlfn.MAXIFS(tblHistory[Date],tblHistory[Date],"<"&tblHistory[[#This Row],[Date]],tblHistory[HY],"<>")))>=500,tblHistory[[#This Row],[BIZD S]]=1)),0) | Z138: =IFERROR(--(COUNTIFS(tblHistory[Date],">="&tblHistory[[#This Row],[Date]],tblHistory[Date],"<="&_xlfn.AGGREGATE(15,6,tblHistory[Date]/(tblHistory[Date]>=tblHistory[[#This Row],[Date]]),5),tblHistory[L1],1)=5),0) | AA138: =IFERROR(--(COUNTIFS(tblHistory[Date],">="&tblHistory[[#This Row],[Date]],tblHistory[Date],"<="&_xlfn.AGGREGATE(15,6,tblHistory[Date]/(tblHistory[Date]>=tblHistory[[#This Row],[Date]]),5),tblHistory[L2],1)=5),0) | AB138: =IFERROR(--(COUNTIFS(tblHistory[Date],">="&tblHistory[[#This Row],[Date]],tblHistory[Date],"<="&_xlfn.AGGREGATE(15,6,tblHistory[Date]/(tblHistory[Date]>=tblHistory[[#This Row],[Date]]),5),tblHistory[L3],1)=5),0) | AC138: =IFERROR(--(COUNTIFS(tblHistory[Date],">="&tblHistory[[#This Row],[Date]],tblHistory[Date],"<="&_xlfn.AGGREGATE(15,6,tblHistory[Date]/(tblHistory[Date]>=tblHistory[[#This Row],[Date]]),5),tblHistory[L4],1)=5),0)
A139: 46121 | B139: 29394.34 | C139: 13030.45 | D139: 54.31 | E139: 294.63 | F139: 31.12 | G139: 15.55 | H139: 21.23 | I139: 318 | J139: =IF(tblHistory[[#This Row],[Date]]-MIN(tblHistory[Date])<364,NA(),IF(ISNUMBER(tblHistory[[#This Row],[NDX]]),MIN(1,MAX(0,((tblHistory[[#This Row],[NDX]]/_xlfn.MAXIFS(tblHistory[NDX],tblHistory[Date],"<="&tblHistory[[#This Row],[Date]],tblHistory[Date],">="&tblHistory[[#This Row],[Date]]-365)-1)-Dashboard!$G$13)/(Dashboard!$H$13-Dashboard!$G$13))),0)) | K139: =IF(tblHistory[[#This Row],[Date]]-MIN(tblHistory[Date])<364,NA(),IF(ISNUMBER(tblHistory[[#This Row],[SOX]]),MIN(1,MAX(0,((tblHistory[[#This Row],[SOX]]/_xlfn.MAXIFS(tblHistory[SOX],tblHistory[Date],"<="&tblHistory[[#This Row],[Date]],tblHistory[Date],">="&tblHistory[[#This Row],[Date]]-365)-1)-Dashboard!$G$14)/(Dashboard!$H$14-Dashboard!$G$14))),0)) | L139: =IF(tblHistory[[#This Row],[Date]]-MIN(tblHistory[Date])<364,NA(),IF(ISNUMBER(tblHistory[[#This Row],[AIQ]]),MIN(1,MAX(0,((tblHistory[[#This Row],[AIQ]]/_xlfn.MAXIFS(tblHistory[AIQ],tblHistory[Date],"<="&tblHistory[[#This Row],[Date]],tblHistory[Date],">="&tblHistory[[#This Row],[Date]]-365)-1)-Dashboard!$G$15)/(Dashboard!$H$15-Dashboard!$G$15))),0)) | M139: =IF(tblHistory[[#This Row],[Date]]-MIN(tblHistory[Date])<364,NA(),IF(ISNUMBER(tblHistory[[#This Row],[ORCL]]),MIN(1,MAX(0,((tblHistory[[#This Row],[ORCL]]/_xlfn.MAXIFS(tblHistory[ORCL],tblHistory[Date],"<="&tblHistory[[#This Row],[Date]],tblHistory[Date],">="&tblHistory[[#This Row],[Date]]-365)-1)-Dashboard!$G$16)/(Dashboard!$H$16-Dashboard!$G$16))),0)) | N139: =IF(tblHistory[[#This Row],[Date]]-MIN(tblHistory[Date])<364,NA(),IF(ISNUMBER(tblHistory[[#This Row],[CRWV]]),MIN(1,MAX(0,((tblHistory[[#This Row],[CRWV]]/_xlfn.MAXIFS(tblHistory[CRWV],tblHistory[Date],"<="&tblHistory[[#This Row],[Date]],tblHistory[Date],">="&tblHistory[[#This Row],[Date]]-365)-1)-Dashboard!$G$17)/(Dashboard!$H$17-Dashboard!$G$17))),0)) | O139: =IF(tblHistory[[#This Row],[Date]]-MIN(tblHistory[Date])<364,NA(),IF(ISNUMBER(tblHistory[[#This Row],[BIZD]]),MIN(1,MAX(0,((tblHistory[[#This Row],[BIZD]]/_xlfn.MAXIFS(tblHistory[BIZD],tblHistory[Date],"<="&tblHistory[[#This Row],[Date]],tblHistory[Date],">="&tblHistory[[#This Row],[Date]]-365)-1)-Dashboard!$G$18)/(Dashboard!$H$18-Dashboard!$G$18))),0)) | P139: =IF(tblHistory[[#This Row],[Date]]-MIN(tblHistory[Date])<364,NA(),IF(ISNUMBER(tblHistory[[#This Row],[BKLN]]),MIN(1,MAX(0,((tblHistory[[#This Row],[BKLN]]/_xlfn.MAXIFS(tblHistory[BKLN],tblHistory[Date],"<="&tblHistory[[#This Row],[Date]],tblHistory[Date],">="&tblHistory[[#This Row],[Date]]-365)-1)-Dashboard!$G$19)/(Dashboard!$H$19-Dashboard!$G$19))),0)) | Q139: =IF(tblHistory[[#This Row],[Date]]-MIN(tblHistory[Date])<364,NA(),MIN(1,MAX(0,(IF(ISNUMBER(tblHistory[[#This Row],[HY]]),tblHistory[[#This Row],[HY]],SUMIFS(tblHistory[HY],tblHistory[Date],_xlfn.MAXIFS(tblHistory[Date],tblHistory[Date],"<"&tblHistory[[#This Row],[Date]],tblHistory[HY],"<>")))-Dashboard!$G$20)/(Dashboard!$H$20-Dashboard!$G$20)))) | R139: =(Dashboard!$C$13*tblHistory[[#This Row],[NDX S]]+Dashboard!$C$14*tblHistory[[#This Row],[SOX S]]+Dashboard!$C$15*tblHistory[[#This Row],[AIQ S]])/SUM(Dashboard!$C$13:$C$15)*100 | S139: =(Dashboard!$C$16*tblHistory[[#This Row],[ORCL S]]+Dashboard!$C$17*tblHistory[[#This Row],[CRWV S]])/SUM(Dashboard!$C$16:$C$17)*100 | T139: =(Dashboard!$C$18*tblHistory[[#This Row],[BIZD S]]+Dashboard!$C$19*tblHistory[[#This Row],[BKLN S]]+Dashboard!$C$20*tblHistory[[#This Row],[HY S]])/SUM(Dashboard!$C$18:$C$20)*100 | U139: =ROUND((Dashboard!$C$13*tblHistory[[#This Row],[NDX S]]+Dashboard!$C$14*tblHistory[[#This Row],[SOX S]]+Dashboard!$C$15*tblHistory[[#This Row],[AIQ S]]+Dashboard!$C$16*tblHistory[[#This Row],[ORCL S]]+Dashboard!$C$17*tblHistory[[#This Row],[CRWV S]]+Dashboard!$C$18*tblHistory[[#This Row],[BIZD S]]+Dashboard!$C$19*tblHistory[[#This Row],[BKLN S]]+Dashboard!$C$20*tblHistory[[#This Row],[HY S]])/SUM(Dashboard!$C$13:$C$20)*100,0) | V139: =IFERROR(--(tblHistory[[#This Row],[Score]]>=50),0) | W139: =IFERROR(--AND(tblHistory[[#This Row],[Score]]>=60,tblHistory[[#This Row],[BIZD S]]>=0.8,tblHistory[[#This Row],[BKLN S]]>=0.5),0) | X139: =IFERROR(--AND(tblHistory[[#This Row],[Score]]>=70,tblHistory[[#This Row],[SOX S]]>=0.83,tblHistory[[#This Row],[AIQ S]]>=0.8),0) | Y139: =IFERROR(--AND(tblHistory[[#This Row],[Score]]>=75,tblHistory[[#This Row],[NDX S]]=1,OR(IF(ISNUMBER(tblHistory[[#This Row],[HY]]),tblHistory[[#This Row],[HY]],SUMIFS(tblHistory[HY],tblHistory[Date],_xlfn.MAXIFS(tblHistory[Date],tblHistory[Date],"<"&tblHistory[[#This Row],[Date]],tblHistory[HY],"<>")))>=500,tblHistory[[#This Row],[BIZD S]]=1)),0) | Z139: =IFERROR(--(COUNTIFS(tblHistory[Date],">="&tblHistory[[#This Row],[Date]],tblHistory[Date],"<="&_xlfn.AGGREGATE(15,6,tblHistory[Date]/(tblHistory[Date]>=tblHistory[[#This Row],[Date]]),5),tblHistory[L1],1)=5),0) | AA139: =IFERROR(--(COUNTIFS(tblHistory[Date],">="&tblHistory[[#This Row],[Date]],tblHistory[Date],"<="&_xlfn.AGGREGATE(15,6,tblHistory[Date]/(tblHistory[Date]>=tblHistory[[#This Row],[Date]]),5),tblHistory[L2],1)=5),0) | AB139: =IFERROR(--(COUNTIFS(tblHistory[Date],">="&tblHistory[[#This Row],[Date]],tblHistory[Date],"<="&_xlfn.AGGREGATE(15,6,tblHistory[Date]/(tblHistory[Date]>=tblHistory[[#This Row],[Date]]),5),tblHistory[L3],1)=5),0) | AC139: =IFERROR(--(COUNTIFS(tblHistory[Date],">="&tblHistory[[#This Row],[Date]],tblHistory[Date],"<="&_xlfn.AGGREGATE(15,6,tblHistory[Date]/(tblHistory[Date]>=tblHistory[[#This Row],[Date]]),5),tblHistory[L4],1)=5),0)
A140: 46120 | B140: 29355.71 | C140: 12499.62 | D140: 54.07 | E140: 289.81 | F140: 30.23 | G140: 15.54 | H140: 21.17 | I140: 315 | J140: =IF(tblHistory[[#This Row],[Date]]-MIN(tblHistory[Date])<364,NA(),IF(ISNUMBER(tblHistory[[#This Row],[NDX]]),MIN(1,MAX(0,((tblHistory[[#This Row],[NDX]]/_xlfn.MAXIFS(tblHistory[NDX],tblHistory[Date],"<="&tblHistory[[#This Row],[Date]],tblHistory[Date],">="&tblHistory[[#This Row],[Date]]-365)-1)-Dashboard!$G$13)/(Dashboard!$H$13-Dashboard!$G$13))),0)) | K140: =IF(tblHistory[[#This Row],[Date]]-MIN(tblHistory[Date])<364,NA(),IF(ISNUMBER(tblHistory[[#This Row],[SOX]]),MIN(1,MAX(0,((tblHistory[[#This Row],[SOX]]/_xlfn.MAXIFS(tblHistory[SOX],tblHistory[Date],"<="&tblHistory[[#This Row],[Date]],tblHistory[Date],">="&tblHistory[[#This Row],[Date]]-365)-1)-Dashboard!$G$14)/(Dashboard!$H$14-Dashboard!$G$14))),0)) | L140: =IF(tblHistory[[#This Row],[Date]]-MIN(tblHistory[Date])<364,NA(),IF(ISNUMBER(tblHistory[[#This Row],[AIQ]]),MIN(1,MAX(0,((tblHistory[[#This Row],[AIQ]]/_xlfn.MAXIFS(tblHistory[AIQ],tblHistory[Date],"<="&tblHistory[[#This Row],[Date]],tblHistory[Date],">="&tblHistory[[#This Row],[Date]]-365)-1)-Dashboard!$G$15)/(Dashboard!$H$15-Dashboard!$G$15))),0)) | M140: =IF(tblHistory[[#This Row],[Date]]-MIN(tblHistory[Date])<364,NA(),IF(ISNUMBER(tblHistory[[#This Row],[ORCL]]),MIN(1,MAX(0,((tblHistory[[#This Row],[ORCL]]/_xlfn.MAXIFS(tblHistory[ORCL],tblHistory[Date],"<="&tblHistory[[#This Row],[Date]],tblHistory[Date],">="&tblHistory[[#This Row],[Date]]-365)-1)-Dashboard!$G$16)/(Dashboard!$H$16-Dashboard!$G$16))),0)) | N140: =IF(tblHistory[[#This Row],[Date]]-MIN(tblHistory[Date])<364,NA(),IF(ISNUMBER(tblHistory[[#This Row],[CRWV]]),MIN(1,MAX(0,((tblHistory[[#This Row],[CRWV]]/_xlfn.MAXIFS(tblHistory[CRWV],tblHistory[Date],"<="&tblHistory[[#This Row],[Date]],tblHistory[Date],">="&tblHistory[[#This Row],[Date]]-365)-1)-Dashboard!$G$17)/(Dashboard!$H$17-Dashboard!$G$17))),0)) | O140: =IF(tblHistory[[#This Row],[Date]]-MIN(tblHistory[Date])<364,NA(),IF(ISNUMBER(tblHistory[[#This Row],[BIZD]]),MIN(1,MAX(0,((tblHistory[[#This Row],[BIZD]]/_xlfn.MAXIFS(tblHistory[BIZD],tblHistory[Date],"<="&tblHistory[[#This Row],[Date]],tblHistory[Date],">="&tblHistory[[#This Row],[Date]]-365)-1)-Dashboard!$G$18)/(Dashboard!$H$18-Dashboard!$G$18))),0)) | P140: =IF(tblHistory[[#This Row],[Date]]-MIN(tblHistory[Date])<364,NA(),IF(ISNUMBER(tblHistory[[#This Row],[BKLN]]),MIN(1,MAX(0,((tblHistory[[#This Row],[BKLN]]/_xlfn.MAXIFS(tblHistory[BKLN],tblHistory[Date],"<="&tblHistory[[#This Row],[Date]],tblHistory[Date],">="&tblHistory[[#This Row],[Date]]-365)-1)-Dashboard!$G$19)/(Dashboard!$H$19-Dashboard!$G$19))),0)) | Q140: =IF(tblHistory[[#This Row],[Date]]-MIN(tblHistory[Date])<364,NA(),MIN(1,MAX(0,(IF(ISNUMBER(tblHistory[[#This Row],[HY]]),tblHistory[[#This Row],[HY]],SUMIFS(tblHistory[HY],tblHistory[Date],_xlfn.MAXIFS(tblHistory[Date],tblHistory[Date],"<"&tblHistory[[#This Row],[Date]],tblHistory[HY],"<>")))-Dashboard!$G$20)/(Dashboard!$H$20-Dashboard!$G$20)))) | R140: =(Dashboard!$C$13*tblHistory[[#This Row],[NDX S]]+Dashboard!$C$14*tblHistory[[#This Row],[SOX S]]+Dashboard!$C$15*tblHistory[[#This Row],[AIQ S]])/SUM(Dashboard!$C$13:$C$15)*100 | S140: =(Dashboard!$C$16*tblHistory[[#This Row],[ORCL S]]+Dashboard!$C$17*tblHistory[[#This Row],[CRWV S]])/SUM(Dashboard!$C$16:$C$17)*100 | T140: =(Dashboard!$C$18*tblHistory[[#This Row],[BIZD S]]+Dashboard!$C$19*tblHistory[[#This Row],[BKLN S]]+Dashboard!$C$20*tblHistory[[#This Row],[HY S]])/SUM(Dashboard!$C$18:$C$20)*100 | U140: =ROUND((Dashboard!$C$13*tblHistory[[#This Row],[NDX S]]+Dashboard!$C$14*tblHistory[[#This Row],[SOX S]]+Dashboard!$C$15*tblHistory[[#This Row],[AIQ S]]+Dashboard!$C$16*tblHistory[[#This Row],[ORCL S]]+Dashboard!$C$17*tblHistory[[#This Row],[CRWV S]]+Dashboard!$C$18*tblHistory[[#This Row],[BIZD S]]+Dashboard!$C$19*tblHistory[[#This Row],[BKLN S]]+Dashboard!$C$20*tblHistory[[#This Row],[HY S]])/SUM(Dashboard!$C$13:$C$20)*100,0) | V140: =IFERROR(--(tblHistory[[#This Row],[Score]]>=50),0) | W140: =IFERROR(--AND(tblHistory[[#This Row],[Score]]>=60,tblHistory[[#This Row],[BIZD S]]>=0.8,tblHistory[[#This Row],[BKLN S]]>=0.5),0) | X140: =IFERROR(--AND(tblHistory[[#This Row],[Score]]>=70,tblHistory[[#This Row],[SOX S]]>=0.83,tblHistory[[#This Row],[AIQ S]]>=0.8),0) | Y140: =IFERROR(--AND(tblHistory[[#This Row],[Score]]>=75,tblHistory[[#This Row],[NDX S]]=1,OR(IF(ISNUMBER(tblHistory[[#This Row],[HY]]),tblHistory[[#This Row],[HY]],SUMIFS(tblHistory[HY],tblHistory[Date],_xlfn.MAXIFS(tblHistory[Date],tblHistory[Date],"<"&tblHistory[[#This Row],[Date]],tblHistory[HY],"<>")))>=500,tblHistory[[#This Row],[BIZD S]]=1)),0) | Z140: =IFERROR(--(COUNTIFS(tblHistory[Date],">="&tblHistory[[#This Row],[Date]],tblHistory[Date],"<="&_xlfn.AGGREGATE(15,6,tblHistory[Date]/(tblHistory[Date]>=tblHistory[[#This Row],[Date]]),5),tblHistory[L1],1)=5),0) | AA140: =IFERROR(--(COUNTIFS(tblHistory[Date],">="&tblHistory[[#This Row],[Date]],tblHistory[Date],"<="&_xlfn.AGGREGATE(15,6,tblHistory[Date]/(tblHistory[Date]>=tblHistory[[#This Row],[Date]]),5),tblHistory[L2],1)=5),0) | AB140: =IFERROR(--(COUNTIFS(tblHistory[Date],">="&tblHistory[[#This Row],[Date]],tblHistory[Date],"<="&_xlfn.AGGREGATE(15,6,tblHistory[Date]/(tblHistory[Date]>=tblHistory[[#This Row],[Date]]),5),tblHistory[L3],1)=5),0) | AC140: =IFERROR(--(COUNTIFS(tblHistory[Date],">="&tblHistory[[#This Row],[Date]],tblHistory[Date],"<="&_xlfn.AGGREGATE(15,6,tblHistory[Date]/(tblHistory[Date]>=tblHistory[[#This Row],[Date]]),5),tblHistory[L4],1)=5),0)
A141: 46119 | B141: 30013.31 | C141: 12650.53 | D141: 54.44 | E141: 295.93 | F141: 32.12 | G141: 15.59 | H141: 21.16 | I141: 304 | J141: =IF(tblHistory[[#This Row],[Date]]-MIN(tblHistory[Date])<364,NA(),IF(ISNUMBER(tblHistory[[#This Row],[NDX]]),MIN(1,MAX(0,((tblHistory[[#This Row],[NDX]]/_xlfn.MAXIFS(tblHistory[NDX],tblHistory[Date],"<="&tblHistory[[#This Row],[Date]],tblHistory[Date],">="&tblHistory[[#This Row],[Date]]-365)-1)-Dashboard!$G$13)/(Dashboard!$H$13-Dashboard!$G$13))),0)) | K141: =IF(tblHistory[[#This Row],[Date]]-MIN(tblHistory[Date])<364,NA(),IF(ISNUMBER(tblHistory[[#This Row],[SOX]]),MIN(1,MAX(0,((tblHistory[[#This Row],[SOX]]/_xlfn.MAXIFS(tblHistory[SOX],tblHistory[Date],"<="&tblHistory[[#This Row],[Date]],tblHistory[Date],">="&tblHistory[[#This Row],[Date]]-365)-1)-Dashboard!$G$14)/(Dashboard!$H$14-Dashboard!$G$14))),0)) | L141: =IF(tblHistory[[#This Row],[Date]]-MIN(tblHistory[Date])<364,NA(),IF(ISNUMBER(tblHistory[[#This Row],[AIQ]]),MIN(1,MAX(0,((tblHistory[[#This Row],[AIQ]]/_xlfn.MAXIFS(tblHistory[AIQ],tblHistory[Date],"<="&tblHistory[[#This Row],[Date]],tblHistory[Date],">="&tblHistory[[#This Row],[Date]]-365)-1)-Dashboard!$G$15)/(Dashboard!$H$15-Dashboard!$G$15))),0)) | M141: =IF(tblHistory[[#This Row],[Date]]-MIN(tblHistory[Date])<364,NA(),IF(ISNUMBER(tblHistory[[#This Row],[ORCL]]),MIN(1,MAX(0,((tblHistory[[#This Row],[ORCL]]/_xlfn.MAXIFS(tblHistory[ORCL],tblHistory[Date],"<="&tblHistory[[#This Row],[Date]],tblHistory[Date],">="&tblHistory[[#This Row],[Date]]-365)-1)-Dashboard!$G$16)/(Dashboard!$H$16-Dashboard!$G$16))),0)) | N141: =IF(tblHistory[[#This Row],[Date]]-MIN(tblHistory[Date])<364,NA(),IF(ISNUMBER(tblHistory[[#This Row],[CRWV]]),MIN(1,MAX(0,((tblHistory[[#This Row],[CRWV]]/_xlfn.MAXIFS(tblHistory[CRWV],tblHistory[Date],"<="&tblHistory[[#This Row],[Date]],tblHistory[Date],">="&tblHistory[[#This Row],[Date]]-365)-1)-Dashboard!$G$17)/(Dashboard!$H$17-Dashboard!$G$17))),0)) | O141: =IF(tblHistory[[#This Row],[Date]]-MIN(tblHistory[Date])<364,NA(),IF(ISNUMBER(tblHistory[[#This Row],[BIZD]]),MIN(1,MAX(0,((tblHistory[[#This Row],[BIZD]]/_xlfn.MAXIFS(tblHistory[BIZD],tblHistory[Date],"<="&tblHistory[[#This Row],[Date]],tblHistory[Date],">="&tblHistory[[#This Row],[Date]]-365)-1)-Dashboard!$G$18)/(Dashboard!$H$18-Dashboard!$G$18))),0)) | P141: =IF(tblHistory[[#This Row],[Date]]-MIN(tblHistory[Date])<364,NA(),IF(ISNUMBER(tblHistory[[#This Row],[BKLN]]),MIN(1,MAX(0,((tblHistory[[#This Row],[BKLN]]/_xlfn.MAXIFS(tblHistory[BKLN],tblHistory[Date],"<="&tblHistory[[#This Row],[Date]],tblHistory[Date],">="&tblHistory[[#This Row],[Date]]-365)-1)-Dashboard!$G$19)/(Dashboard!$H$19-Dashboard!$G$19))),0)) | Q141: =IF(tblHistory[[#This Row],[Date]]-MIN(tblHistory[Date])<364,NA(),MIN(1,MAX(0,(IF(ISNUMBER(tblHistory[[#This Row],[HY]]),tblHistory[[#This Row],[HY]],SUMIFS(tblHistory[HY],tblHistory[Date],_xlfn.MAXIFS(tblHistory[Date],tblHistory[Date],"<"&tblHistory[[#This Row],[Date]],tblHistory[HY],"<>")))-Dashboard!$G$20)/(Dashboard!$H$20-Dashboard!$G$20)))) | R141: =(Dashboard!$C$13*tblHistory[[#This Row],[NDX S]]+Dashboard!$C$14*tblHistory[[#This Row],[SOX S]]+Dashboard!$C$15*tblHistory[[#This Row],[AIQ S]])/SUM(Dashboard!$C$13:$C$15)*100 | S141: =(Dashboard!$C$16*tblHistory[[#This Row],[ORCL S]]+Dashboard!$C$17*tblHistory[[#This Row],[CRWV S]])/SUM(Dashboard!$C$16:$C$17)*100 | T141: =(Dashboard!$C$18*tblHistory[[#This Row],[BIZD S]]+Dashboard!$C$19*tblHistory[[#This Row],[BKLN S]]+Dashboard!$C$20*tblHistory[[#This Row],[HY S]])/SUM(Dashboard!$C$18:$C$20)*100 | U141: =ROUND((Dashboard!$C$13*tblHistory[[#This Row],[NDX S]]+Dashboard!$C$14*tblHistory[[#This Row],[SOX S]]+Dashboard!$C$15*tblHistory[[#This Row],[AIQ S]]+Dashboard!$C$16*tblHistory[[#This Row],[ORCL S]]+Dashboard!$C$17*tblHistory[[#This Row],[CRWV S]]+Dashboard!$C$18*tblHistory[[#This Row],[BIZD S]]+Dashboard!$C$19*tblHistory[[#This Row],[BKLN S]]+Dashboard!$C$20*tblHistory[[#This Row],[HY S]])/SUM(Dashboard!$C$13:$C$20)*100,0) | V141: =IFERROR(--(tblHistory[[#This Row],[Score]]>=50),0) | W141: =IFERROR(--AND(tblHistory[[#This Row],[Score]]>=60,tblHistory[[#This Row],[BIZD S]]>=0.8,tblHistory[[#This Row],[BKLN S]]>=0.5),0) | X141: =IFERROR(--AND(tblHistory[[#This Row],[Score]]>=70,tblHistory[[#This Row],[SOX S]]>=0.83,tblHistory[[#This Row],[AIQ S]]>=0.8),0) | Y141: =IFERROR(--AND(tblHistory[[#This Row],[Score]]>=75,tblHistory[[#This Row],[NDX S]]=1,OR(IF(ISNUMBER(tblHistory[[#This Row],[HY]]),tblHistory[[#This Row],[HY]],SUMIFS(tblHistory[HY],tblHistory[Date],_xlfn.MAXIFS(tblHistory[Date],tblHistory[Date],"<"&tblHistory[[#This Row],[Date]],tblHistory[HY],"<>")))>=500,tblHistory[[#This Row],[BIZD S]]=1)),0) | Z141: =IFERROR(--(COUNTIFS(tblHistory[Date],">="&tblHistory[[#This Row],[Date]],tblHistory[Date],"<="&_xlfn.AGGREGATE(15,6,tblHistory[Date]/(tblHistory[Date]>=tblHistory[[#This Row],[Date]]),5),tblHistory[L1],1)=5),0) | AA141: =IFERROR(--(COUNTIFS(tblHistory[Date],">="&tblHistory[[#This Row],[Date]],tblHistory[Date],"<="&_xlfn.AGGREGATE(15,6,tblHistory[Date]/(tblHistory[Date]>=tblHistory[[#This Row],[Date]]),5),tblHistory[L2],1)=5),0) | AB141: =IFERROR(--(COUNTIFS(tblHistory[Date],">="&tblHistory[[#This Row],[Date]],tblHistory[Date],"<="&_xlfn.AGGREGATE(15,6,tblHistory[Date]/(tblHistory[Date]>=tblHistory[[#This Row],[Date]]),5),tblHistory[L3],1)=5),0) | AC141: =IFERROR(--(COUNTIFS(tblHistory[Date],">="&tblHistory[[#This Row],[Date]],tblHistory[Date],"<="&_xlfn.AGGREGATE(15,6,tblHistory[Date]/(tblHistory[Date]>=tblHistory[[#This Row],[Date]]),5),tblHistory[L4],1)=5),0)
A142: 46118 | B142: 30344.93 | C142: 12664 | D142: 54.03 | E142: 305.7 | F142: 33.15 | G142: 15.44 | H142: 21.21 | I142: 306 | J142: =IF(tblHistory[[#This Row],[Date]]-MIN(tblHistory[Date])<364,NA(),IF(ISNUMBER(tblHistory[[#This Row],[NDX]]),MIN(1,MAX(0,((tblHistory[[#This Row],[NDX]]/_xlfn.MAXIFS(tblHistory[NDX],tblHistory[Date],"<="&tblHistory[[#This Row],[Date]],tblHistory[Date],">="&tblHistory[[#This Row],[Date]]-365)-1)-Dashboard!$G$13)/(Dashboard!$H$13-Dashboard!$G$13))),0)) | K142: =IF(tblHistory[[#This Row],[Date]]-MIN(tblHistory[Date])<364,NA(),IF(ISNUMBER(tblHistory[[#This Row],[SOX]]),MIN(1,MAX(0,((tblHistory[[#This Row],[SOX]]/_xlfn.MAXIFS(tblHistory[SOX],tblHistory[Date],"<="&tblHistory[[#This Row],[Date]],tblHistory[Date],">="&tblHistory[[#This Row],[Date]]-365)-1)-Dashboard!$G$14)/(Dashboard!$H$14-Dashboard!$G$14))),0)) | L142: =IF(tblHistory[[#This Row],[Date]]-MIN(tblHistory[Date])<364,NA(),IF(ISNUMBER(tblHistory[[#This Row],[AIQ]]),MIN(1,MAX(0,((tblHistory[[#This Row],[AIQ]]/_xlfn.MAXIFS(tblHistory[AIQ],tblHistory[Date],"<="&tblHistory[[#This Row],[Date]],tblHistory[Date],">="&tblHistory[[#This Row],[Date]]-365)-1)-Dashboard!$G$15)/(Dashboard!$H$15-Dashboard!$G$15))),0)) | M142: =IF(tblHistory[[#This Row],[Date]]-MIN(tblHistory[Date])<364,NA(),IF(ISNUMBER(tblHistory[[#This Row],[ORCL]]),MIN(1,MAX(0,((tblHistory[[#This Row],[ORCL]]/_xlfn.MAXIFS(tblHistory[ORCL],tblHistory[Date],"<="&tblHistory[[#This Row],[Date]],tblHistory[Date],">="&tblHistory[[#This Row],[Date]]-365)-1)-Dashboard!$G$16)/(Dashboard!$H$16-Dashboard!$G$16))),0)) | N142: =IF(tblHistory[[#This Row],[Date]]-MIN(tblHistory[Date])<364,NA(),IF(ISNUMBER(tblHistory[[#This Row],[CRWV]]),MIN(1,MAX(0,((tblHistory[[#This Row],[CRWV]]/_xlfn.MAXIFS(tblHistory[CRWV],tblHistory[Date],"<="&tblHistory[[#This Row],[Date]],tblHistory[Date],">="&tblHistory[[#This Row],[Date]]-365)-1)-Dashboard!$G$17)/(Dashboard!$H$17-Dashboard!$G$17))),0)) | O142: =IF(tblHistory[[#This Row],[Date]]-MIN(tblHistory[Date])<364,NA(),IF(ISNUMBER(tblHistory[[#This Row],[BIZD]]),MIN(1,MAX(0,((tblHistory[[#This Row],[BIZD]]/_xlfn.MAXIFS(tblHistory[BIZD],tblHistory[Date],"<="&tblHistory[[#This Row],[Date]],tblHistory[Date],">="&tblHistory[[#This Row],[Date]]-365)-1)-Dashboard!$G$18)/(Dashboard!$H$18-Dashboard!$G$18))),0)) | P142: =IF(tblHistory[[#This Row],[Date]]-MIN(tblHistory[Date])<364,NA(),IF(ISNUMBER(tblHistory[[#This Row],[BKLN]]),MIN(1,MAX(0,((tblHistory[[#This Row],[BKLN]]/_xlfn.MAXIFS(tblHistory[BKLN],tblHistory[Date],"<="&tblHistory[[#This Row],[Date]],tblHistory[Date],">="&tblHistory[[#This Row],[Date]]-365)-1)-Dashboard!$G$19)/(Dashboard!$H$19-Dashboard!$G$19))),0)) | Q142: =IF(tblHistory[[#This Row],[Date]]-MIN(tblHistory[Date])<364,NA(),MIN(1,MAX(0,(IF(ISNUMBER(tblHistory[[#This Row],[HY]]),tblHistory[[#This Row],[HY]],SUMIFS(tblHistory[HY],tblHistory[Date],_xlfn.MAXIFS(tblHistory[Date],tblHistory[Date],"<"&tblHistory[[#This Row],[Date]],tblHistory[HY],"<>")))-Dashboard!$G$20)/(Dashboard!$H$20-Dashboard!$G$20)))) | R142: =(Dashboard!$C$13*tblHistory[[#This Row],[NDX S]]+Dashboard!$C$14*tblHistory[[#This Row],[SOX S]]+Dashboard!$C$15*tblHistory[[#This Row],[AIQ S]])/SUM(Dashboard!$C$13:$C$15)*100 | S142: =(Dashboard!$C$16*tblHistory[[#This Row],[ORCL S]]+Dashboard!$C$17*tblHistory[[#This Row],[CRWV S]])/SUM(Dashboard!$C$16:$C$17)*100 | T142: =(Dashboard!$C$18*tblHistory[[#This Row],[BIZD S]]+Dashboard!$C$19*tblHistory[[#This Row],[BKLN S]]+Dashboard!$C$20*tblHistory[[#This Row],[HY S]])/SUM(Dashboard!$C$18:$C$20)*100 | U142: =ROUND((Dashboard!$C$13*tblHistory[[#This Row],[NDX S]]+Dashboard!$C$14*tblHistory[[#This Row],[SOX S]]+Dashboard!$C$15*tblHistory[[#This Row],[AIQ S]]+Dashboard!$C$16*tblHistory[[#This Row],[ORCL S]]+Dashboard!$C$17*tblHistory[[#This Row],[CRWV S]]+Dashboard!$C$18*tblHistory[[#This Row],[BIZD S]]+Dashboard!$C$19*tblHistory[[#This Row],[BKLN S]]+Dashboard!$C$20*tblHistory[[#This Row],[HY S]])/SUM(Dashboard!$C$13:$C$20)*100,0) | V142: =IFERROR(--(tblHistory[[#This Row],[Score]]>=50),0) | W142: =IFERROR(--AND(tblHistory[[#This Row],[Score]]>=60,tblHistory[[#This Row],[BIZD S]]>=0.8,tblHistory[[#This Row],[BKLN S]]>=0.5),0) | X142: =IFERROR(--AND(tblHistory[[#This Row],[Score]]>=70,tblHistory[[#This Row],[SOX S]]>=0.83,tblHistory[[#This Row],[AIQ S]]>=0.8),0) | Y142: =IFERROR(--AND(tblHistory[[#This Row],[Score]]>=75,tblHistory[[#This Row],[NDX S]]=1,OR(IF(ISNUMBER(tblHistory[[#This Row],[HY]]),tblHistory[[#This Row],[HY]],SUMIFS(tblHistory[HY],tblHistory[Date],_xlfn.MAXIFS(tblHistory[Date],tblHistory[Date],"<"&tblHistory[[#This Row],[Date]],tblHistory[HY],"<>")))>=500,tblHistory[[#This Row],[BIZD S]]=1)),0) | Z142: =IFERROR(--(COUNTIFS(tblHistory[Date],">="&tblHistory[[#This Row],[Date]],tblHistory[Date],"<="&_xlfn.AGGREGATE(15,6,tblHistory[Date]/(tblHistory[Date]>=tblHistory[[#This Row],[Date]]),5),tblHistory[L1],1)=5),0) | AA142: =IFERROR(--(COUNTIFS(tblHistory[Date],">="&tblHistory[[#This Row],[Date]],tblHistory[Date],"<="&_xlfn.AGGREGATE(15,6,tblHistory[Date]/(tblHistory[Date]>=tblHistory[[#This Row],[Date]]),5),tblHistory[L2],1)=5),0) | AB142: =IFERROR(--(COUNTIFS(tblHistory[Date],">="&tblHistory[[#This Row],[Date]],tblHistory[Date],"<="&_xlfn.AGGREGATE(15,6,tblHistory[Date]/(tblHistory[Date]>=tblHistory[[#This Row],[Date]]),5),tblHistory[L3],1)=5),0) | AC142: =IFERROR(--(COUNTIFS(tblHistory[Date],">="&tblHistory[[#This Row],[Date]],tblHistory[Date],"<="&_xlfn.AGGREGATE(15,6,tblHistory[Date]/(tblHistory[Date]>=tblHistory[[#This Row],[Date]]),5),tblHistory[L4],1)=5),0)
